file,timestamp,2017-04-23T22:23:32
database,id,nrfa_public
database,name,NRFA public
station,id,39071
station,name,Thames at Ewen
station,gridReference,SU0074697314
station,descriptionSummary,It is the nearest gauging station to the source of the Thames.
station,descriptionGeneral,"Upgraded to full-width Flat V in 2002, full range capability. Previously, a Flat V weir (4.0 metres broad, 1:10 cross-slope) with thin-plate overfalls. It is not considered a primary station."
station,descriptionFlowRecord,"Pre-2002 data removed from NRFA as it was very prone to drowning, resulting in incomplete high flow record."
station,descriptionCatchment,A small rural Cotswolds catchment developed on permeable Middle Jurassic formations (mostly Upper Oolite).
station,descriptionFlowRegime,Zero discharge during extended droughts. Gw abstractions in catchment result in a small net export of water.
dataType,id,gdf
dataType,name,Gauged Daily Flow
dataType,parameter,Flow
dataType,units,m3/s
dataType,period,Day
dataType,measurementType,Mean
data,first,2002-04-03
data,last,2015-09-30
2002-04-03,0.629
2002-04-04,0.620
2002-04-05,0.589
2002-04-06,0.554
2002-04-07,0.529
2002-04-08,0.507
2002-04-09,0.473
2002-04-10,0.448
2002-04-11,0.426
2002-04-12,0.392
2002-04-13,0.371
2002-04-14,0.353
2002-04-15,0.324
2002-04-16,0.313
2002-04-17,0.296
2002-04-18,0.268
2002-04-19,0.250
2002-04-20,0.243
2002-04-21,0.228
2002-04-22,0.207
2002-04-23,0.194
2002-04-24,0.185
2002-04-25,0.174
2002-04-26,0.164
2002-04-27,0.159
2002-04-28,0.150
2002-04-29,0.141
2002-04-30,0.149
2002-05-01,0.135
2002-05-02,0.127
2002-05-03,0.120
2002-05-04,0.115
2002-05-05,0.108
2002-05-06,0.105
2002-05-07,0.103
2002-05-08,0.097
2002-05-09,0.093
2002-05-10,0.089
2002-05-11,0.084
2002-05-12,0.082
2002-05-13,0.084
2002-05-14,0.076
2002-05-15,0.073
2002-05-16,0.072
2002-05-17,0.071
2002-05-18,0.067
2002-05-19,0.065
2002-05-20,0.076
2002-05-21,0.077
2002-05-22,0.072
2002-05-23,0.072
2002-05-24,0.082
2002-05-25,0.089
2002-05-26,0.093
2002-05-27,0.091
2002-05-28,0.091
2002-05-29,0.086
2002-05-30,0.088
2002-05-31,0.090
2002-06-01,0.095
2002-06-02,0.102
2002-06-03,0.105
2002-06-04,0.106
2002-06-05,0.116
2002-06-06,0.143
2002-06-07,0.157
2002-06-08,0.172
2002-06-09,0.189
2002-06-10,0.201
2002-06-11,0.214
2002-06-12,0.214
2002-06-13,0.218
2002-06-14,0.226
2002-06-15,0.241
2002-06-16,0.251
2002-06-17,0.250
2002-06-18,0.234
2002-06-19,0.224
2002-06-20,0.211
2002-06-21,0.204
2002-06-22,0.193
2002-06-23,0.182
2002-06-24,0.169
2002-06-25,0.159
2002-06-26,0.150
2002-06-27,0.139
2002-06-28,0.130
2002-06-29,0.123
2002-06-30,0.117
2002-07-01,0.112
2002-07-02,0.107
2002-07-03,0.100
2002-07-04,0.094
2002-07-05,0.090
2002-07-06,0.084
2002-07-07,0.081
2002-07-08,0.079
2002-07-09,0.077
2002-07-10,0.071
2002-07-11,0.066
2002-07-12,0.063
2002-07-13,0.058
2002-07-14,0.054
2002-07-15,0.052
2002-07-16,0.049
2002-07-17,0.047
2002-07-18,0.045
2002-07-19,0.042
2002-07-20,0.040
2002-07-21,0.038
2002-07-22,0.036
2002-07-23,0.035
2002-07-24,0.031
2002-07-25,0.029
2002-07-26,0.027
2002-07-27,0.026
2002-07-28,0.023
2002-07-29,0.021
2002-07-30,0.023
2002-07-31,0.058
2002-08-01,0.044
2002-08-02,0.037
2002-08-03,0.034
2002-08-04,0.032
2002-08-05,0.029
2002-08-06,0.027
2002-08-07,0.027
2002-08-08,0.026
2002-08-09,0.025
2002-08-10,0.023
2002-08-11,0.022
2002-08-12,0.020
2002-08-13,0.019
2002-08-14,0.018
2002-08-15,0.016
2002-08-16,0.015
2002-08-17,0.014
2002-08-18,0.013
2002-08-19,0.013
2002-08-20,0.012
2002-08-21,0.011
2002-08-22,0.009
2002-08-23,0.008
2002-08-24,0.007
2002-08-25,0.006
2002-08-26,0.006
2002-08-27,0.005
2002-08-28,0.004
2002-08-29,0.003
2002-08-30,0.003
2002-08-31,0.001
2002-09-01,0.000
2002-09-02,0.000
2002-09-03,0.000
2002-09-04,0.000
2002-09-05,0.000
2002-09-06,0.000
2002-09-07,0.000
2002-09-08,0.000
2002-09-09,0.000
2002-09-10,0.000
2002-09-11,0.000
2002-09-12,0.000
2002-09-13,0.000
2002-09-14,0.000
2002-09-15,0.000
2002-09-16,0.000
2002-09-17,0.000
2002-09-18,0.000
2002-09-19,0.000
2002-09-20,0.000
2002-09-21,0.000
2002-09-22,0.000
2002-09-23,0.000
2002-09-24,0.000
2002-09-25,0.000
2002-09-26,0.000
2002-09-27,0.000
2002-09-28,0.000
2002-09-29,0.000
2002-09-30,0.000
2002-10-01,0.000
2002-10-02,0.000
2002-10-03,0.000
2002-10-04,0.000
2002-10-05,0.000
2002-10-06,0.000
2002-10-07,0.000
2002-10-08,0.000
2002-10-09,0.000
2002-10-10,0.000
2002-10-11,0.000
2002-10-12,0.000
2002-10-13,0.000
2002-10-14,0.000
2002-10-15,0.000
2002-10-16,0.000
2002-10-17,0.000
2002-10-18,0.000
2002-10-19,0.000
2002-10-20,0.000
2002-10-21,0.000
2002-10-22,0.000
2002-10-23,0.000
2002-10-24,0.005
2002-10-25,0.033
2002-10-26,0.085
2002-10-27,0.153
2002-10-28,0.241
2002-10-29,0.363
2002-10-30,0.495
2002-10-31,0.598
2002-11-01,0.638
2002-11-02,0.698
2002-11-03,0.795
2002-11-04,0.859
2002-11-05,0.921
2002-11-06,1.080
2002-11-07,1.140
2002-11-08,1.240
2002-11-09,1.300
2002-11-10,1.440
2002-11-11,1.510
2002-11-12,1.780
2002-11-13,2.000
2002-11-14,2.350
2002-11-15,2.540
2002-11-16,2.580
2002-11-17,2.460
2002-11-18,2.280
2002-11-19,2.110
2002-11-20,2.000
2002-11-21,1.940
2002-11-22,1.810
2002-11-23,1.890
2002-11-24,1.960
2002-11-25,2.020
2002-11-26,2.000
2002-11-27,1.930
2002-11-28,1.710
2002-11-29,1.690
2002-11-30,1.590
2002-12-01,1.560
2002-12-02,1.500
2002-12-03,1.410
2002-12-04,1.330
2002-12-05,1.260
2002-12-06,1.210
2002-12-07,1.170
2002-12-08,1.110
2002-12-09,1.060
2002-12-10,1.010
2002-12-11,0.959
2002-12-12,0.920
2002-12-13,0.872
2002-12-14,0.847
2002-12-15,0.812
2002-12-16,0.775
2002-12-17,0.741
2002-12-18,0.715
2002-12-19,0.691
2002-12-20,0.667
2002-12-21,0.709
2002-12-22,0.774
2002-12-23,0.796
2002-12-24,0.847
2002-12-25,0.905
2002-12-26,0.990
2002-12-27,1.070
2002-12-28,1.150
2002-12-29,1.520
2002-12-30,1.830
2002-12-31,2.360
2003-01-01,3.290
2003-01-02,4.380
2003-01-03,4.600
2003-01-04,4.250
2003-01-05,3.930
2003-01-06,3.520
2003-01-07,3.030
2003-01-08,2.620
2003-01-09,2.300
2003-01-10,2.010
2003-01-11,1.880
2003-01-12,1.770
2003-01-13,1.590
2003-01-14,1.450
2003-01-15,1.350
2003-01-16,1.260
2003-01-17,1.180
2003-01-18,1.160
2003-01-19,1.200
2003-01-20,1.330
2003-01-21,1.390
2003-01-22,1.410
2003-01-23,1.460
2003-01-24,1.580
2003-01-25,1.590
2003-01-26,1.560
2003-01-27,1.500
2003-01-28,1.440
2003-01-29,1.360
2003-01-30,1.280
2003-01-31,1.220
2003-02-01,1.180
2003-02-02,1.120
2003-02-03,1.060
2003-02-04,0.992
2003-02-05,0.939
2003-02-06,0.895
2003-02-07,0.844
2003-02-08,0.810
2003-02-09,0.773
2003-02-10,0.741
2003-02-11,0.727
2003-02-12,0.698
2003-02-13,0.672
2003-02-14,0.649
2003-02-15,0.630
2003-02-16,0.614
2003-02-17,0.604
2003-02-18,0.599
2003-02-19,0.582
2003-02-20,0.563
2003-02-21,0.544
2003-02-22,0.531
2003-02-23,0.511
2003-02-24,0.495
2003-02-25,0.476
2003-02-26,0.457
2003-02-27,0.433
2003-02-28,0.417
2003-03-01,0.413
2003-03-02,0.380
2003-03-03,0.369
2003-03-04,0.352
2003-03-05,0.367
2003-03-06,0.373
2003-03-07,0.390
2003-03-08,0.404
2003-03-09,0.419
2003-03-10,0.440
2003-03-11,0.463
2003-03-12,0.484
2003-03-13,0.513
2003-03-14,0.533
2003-03-15,0.537
2003-03-16,0.541
2003-03-17,0.539
2003-03-18,0.532
2003-03-19,0.518
2003-03-20,0.504
2003-03-21,0.488
2003-03-22,0.468
2003-03-23,0.450
2003-03-24,0.428
2003-03-25,0.411
2003-03-26,0.393
2003-03-27,0.373
2003-03-28,0.357
2003-03-29,0.338
2003-03-30,0.319
2003-03-31,0.306
2003-04-01,0.287
2003-04-02,0.265
2003-04-03,0.251
2003-04-04,0.239
2003-04-05,0.230
2003-04-06,0.223
2003-04-07,0.206
2003-04-08,0.199
2003-04-09,0.190
2003-04-10,0.170
2003-04-11,0.163
2003-04-12,0.156
2003-04-13,0.148
2003-04-14,0.138
2003-04-15,0.126
2003-04-16,0.117
2003-04-17,0.109
2003-04-18,0.104
2003-04-19,0.100
2003-04-20,0.096
2003-04-21,0.093
2003-04-22,0.090
2003-04-23,0.085
2003-04-24,0.085
2003-04-25,0.085
2003-04-26,0.076
2003-04-27,0.075
2003-04-28,0.076
2003-04-29,0.070
2003-04-30,0.068
2003-05-01,0.065
2003-05-02,0.066
2003-05-03,0.063
2003-05-04,0.061
2003-05-05,0.058
2003-05-06,0.056
2003-05-07,0.056
2003-05-08,0.054
2003-05-09,0.052
2003-05-10,0.052
2003-05-11,0.051
2003-05-12,0.050
2003-05-13,0.048
2003-05-14,0.047
2003-05-15,0.047
2003-05-16,0.048
2003-05-17,0.048
2003-05-18,0.060
2003-05-19,0.061
2003-05-20,0.057
2003-05-21,0.056
2003-05-22,0.056
2003-05-23,0.054
2003-05-24,0.053
2003-05-25,0.051
2003-05-26,0.049
2003-05-27,0.049
2003-05-28,0.047
2003-05-29,0.046
2003-05-30,0.043
2003-05-31,0.042
2003-06-01,0.042
2003-06-02,0.041
2003-06-03,0.041
2003-06-04,0.040
2003-06-05,0.038
2003-06-06,0.037
2003-06-07,0.037
2003-06-08,0.033
2003-06-09,0.032
2003-06-10,0.030
2003-06-11,0.029
2003-06-12,0.027
2003-06-13,0.026
2003-06-14,0.024
2003-06-15,0.023
2003-06-16,0.022
2003-06-17,0.020
2003-06-18,0.019
2003-06-19,0.018
2003-06-20,0.016
2003-06-21,0.015
2003-06-22,0.014
2003-06-23,0.013
2003-06-24,0.012
2003-06-25,0.011
2003-06-26,0.010
2003-06-27,0.009
2003-06-28,0.008
2003-06-29,0.007
2003-06-30,0.007
2003-07-01,0.008
2003-07-02,0.006
2003-07-03,0.005
2003-07-04,0.004
2003-07-05,0.004
2003-07-06,0.003
2003-07-07,0.002
2003-07-08,0.002
2003-07-09,0.001
2003-07-10,0.001
2003-07-11,0.000
2003-07-12,0.000
2003-07-13,0.000
2003-07-14,0.000
2003-07-15,0.000
2003-07-16,0.000
2003-07-17,0.000
2003-07-18,0.000
2003-07-19,0.000
2003-07-20,0.000
2003-07-21,0.000
2003-07-22,0.000
2003-07-23,0.000
2003-07-24,0.000
2003-07-25,0.000
2003-07-26,0.000
2003-07-27,0.000
2003-07-28,0.000
2003-07-29,0.000
2003-07-30,0.000
2003-07-31,0.000
2003-08-01,0.000
2003-08-02,0.000
2003-08-03,0.000
2003-08-04,0.000
2003-08-05,0.000
2003-08-06,0.000
2003-08-07,0.000
2003-08-08,0.000
2003-08-09,0.000
2003-08-10,0.000
2003-08-11,0.000
2003-08-12,0.000
2003-08-13,0.000
2003-08-14,0.000
2003-08-15,0.000
2003-08-16,0.000
2003-08-17,0.000
2003-08-18,0.000
2003-08-19,0.000
2003-08-20,0.000
2003-08-21,0.000
2003-08-22,0.000
2003-08-23,0.000
2003-08-24,0.000
2003-08-25,0.000
2003-08-26,0.000
2003-08-27,0.000
2003-08-28,0.000
2003-08-29,0.000
2003-08-30,0.000
2003-08-31,0.000
2003-09-01,0.000
2003-09-02,0.000
2003-09-03,0.000
2003-09-04,0.000
2003-09-05,0.000
2003-09-06,0.000
2003-09-07,0.000
2003-09-08,0.000
2003-09-09,0.000
2003-09-10,0.000
2003-09-11,0.000
2003-09-12,0.000
2003-09-13,0.000
2003-09-14,0.000
2003-09-15,0.000
2003-09-16,0.000
2003-09-17,0.000
2003-09-18,0.000
2003-09-19,0.000
2003-09-20,0.000
2003-09-21,0.000
2003-09-22,0.000
2003-09-23,0.000
2003-09-24,0.000
2003-09-25,0.000
2003-09-26,0.000
2003-09-27,0.000
2003-09-28,0.000
2003-09-29,0.000
2003-09-30,0.000
2003-10-01,0.000
2003-10-02,0.000
2003-10-03,0.000
2003-10-04,0.000
2003-10-05,0.000
2003-10-06,0.000
2003-10-07,0.000
2003-10-08,0.000
2003-10-09,0.000
2003-10-10,0.000
2003-10-11,0.000
2003-10-12,0.000
2003-10-13,0.000
2003-10-14,0.000
2003-10-15,0.000
2003-10-16,0.000
2003-10-17,0.000
2003-10-18,0.000
2003-10-19,0.000
2003-10-20,0.000
2003-10-21,0.000
2003-10-22,0.000
2003-10-23,0.000
2003-10-24,0.000
2003-10-25,0.000
2003-10-26,0.000
2003-10-27,0.000
2003-10-28,0.000
2003-10-29,0.000
2003-10-30,0.000
2003-10-31,0.000
2003-11-01,0.000
2003-11-02,0.000
2003-11-03,0.000
2003-11-04,0.000
2003-11-05,0.000
2003-11-06,0.000
2003-11-07,0.000
2003-11-08,0.000
2003-11-09,0.000
2003-11-10,0.000
2003-11-11,0.000
2003-11-12,0.000
2003-11-13,0.000
2003-11-14,0.000
2003-11-15,0.000
2003-11-16,0.000
2003-11-17,0.000
2003-11-18,0.000
2003-11-19,0.000
2003-11-20,0.000
2003-11-21,0.000
2003-11-22,0.000
2003-11-23,0.000
2003-11-24,0.000
2003-11-25,0.000
2003-11-26,0.000
2003-11-27,0.000
2003-11-28,0.000
2003-11-29,0.000
2003-11-30,0.000
2003-12-01,0.000
2003-12-02,0.000
2003-12-03,0.000
2003-12-04,0.000
2003-12-05,0.000
2003-12-06,0.000
2003-12-07,0.000
2003-12-08,0.000
2003-12-09,0.000
2003-12-10,0.000
2003-12-11,0.000
2003-12-12,0.000
2003-12-13,0.000
2003-12-14,0.000
2003-12-15,0.000
2003-12-16,0.000
2003-12-17,0.068
2003-12-18,0.179
2003-12-19,0.240
2003-12-20,0.336
2003-12-21,0.363
2003-12-22,0.394
2003-12-23,0.429
2003-12-24,0.451
2003-12-25,0.469
2003-12-26,0.499
2003-12-27,0.519
2003-12-28,0.516
2003-12-29,0.524
2003-12-30,0.526
2003-12-31,0.545
2004-01-01,0.559
2004-01-02,0.554
2004-01-03,0.561
2004-01-04,0.558
2004-01-05,0.578
2004-01-06,0.584
2004-01-07,0.596
2004-01-08,0.694
2004-01-09,0.712
2004-01-10,0.762
2004-01-11,0.852
2004-01-12,0.977
2004-01-13,1.050
2004-01-14,1.120
2004-01-15,1.220
2004-01-16,1.260
2004-01-17,1.270
2004-01-18,1.300
2004-01-19,1.310
2004-01-20,1.280
2004-01-21,1.250
2004-01-22,1.230
2004-01-23,1.180
2004-01-24,1.130
2004-01-25,1.100
2004-01-26,1.040
2004-01-27,1.000
2004-01-28,0.960
2004-01-29,0.918
2004-01-30,0.929
2004-01-31,1.160
2004-02-01,1.210
2004-02-02,1.330
2004-02-03,1.450
2004-02-04,1.620
2004-02-05,1.740
2004-02-06,1.940
2004-02-07,2.020
2004-02-08,2.040
2004-02-09,2.040
2004-02-10,1.980
2004-02-11,1.910
2004-02-12,1.810
2004-02-13,1.690
2004-02-14,1.580
2004-02-15,1.470
2004-02-16,1.380
2004-02-17,1.300
2004-02-18,1.230
2004-02-19,1.160
2004-02-20,1.100
2004-02-21,1.030
2004-02-22,0.965
2004-02-23,0.916
2004-02-24,0.872
2004-02-25,0.822
2004-02-26,0.778
2004-02-27,0.728
2004-02-28,0.676
2004-02-29,0.631
2004-03-01,0.590
2004-03-02,0.551
2004-03-03,0.521
2004-03-04,0.484
2004-03-05,0.447
2004-03-06,0.413
2004-03-07,0.381
2004-03-08,0.353
2004-03-09,0.331
2004-03-10,0.313
2004-03-11,0.295
2004-03-12,0.288
2004-03-13,0.282
2004-03-14,0.272
2004-03-15,0.265
2004-03-16,0.261
2004-03-17,0.260
2004-03-18,0.269
2004-03-19,0.297
2004-03-20,0.344
2004-03-21,0.384
2004-03-22,0.417
2004-03-23,0.451
2004-03-24,0.484
2004-03-25,0.515
2004-03-26,0.538
2004-03-27,0.556
2004-03-28,0.560
2004-03-29,0.563
2004-03-30,0.563
2004-03-31,0.557
2004-04-01,0.545
2004-04-02,0.528
2004-04-03,0.515
2004-04-04,0.497
2004-04-05,0.482
2004-04-06,0.463
2004-04-07,0.443
2004-04-08,0.428
2004-04-09,0.417
2004-04-10,0.405
2004-04-11,0.395
2004-04-12,0.383
2004-04-13,0.363
2004-04-14,0.358
2004-04-15,0.348
2004-04-16,0.345
2004-04-17,0.345
2004-04-18,0.356
2004-04-19,0.346
2004-04-20,0.343
2004-04-21,0.354
2004-04-22,0.358
2004-04-23,0.365
2004-04-24,0.373
2004-04-25,0.381
2004-04-26,0.400
2004-04-27,0.415
2004-04-28,0.431
2004-04-29,0.442
2004-04-30,0.436
2004-05-01,0.429
2004-05-02,0.421
2004-05-03,0.420
2004-05-04,0.453
2004-05-05,0.481
2004-05-06,0.494
2004-05-07,0.518
2004-05-08,0.531
2004-05-09,0.559
2004-05-10,0.580
2004-05-11,0.610
2004-05-12,0.659
2004-05-13,0.671
2004-05-14,0.677
2004-05-15,0.679
2004-05-16,0.687
2004-05-17,0.686
2004-05-18,0.680
2004-05-19,0.681
2004-05-20,0.673
2004-05-21,0.651
2004-05-22,0.649
2004-05-23,0.632
2004-05-24,0.621
2004-05-25,0.601
2004-05-26,0.579
2004-05-27,0.576
2004-05-28,0.573
2004-05-29,0.561
2004-05-30,0.533
2004-05-31,0.518
2004-06-01,0.487
2004-06-02,0.436
2004-06-03,0.416
2004-06-04,0.385
2004-06-05,0.350
2004-06-06,0.311
2004-06-07,0.271
2004-06-08,0.226
2004-06-09,0.200
2004-06-10,0.178
2004-06-11,0.159
2004-06-12,0.143
2004-06-13,0.127
2004-06-14,0.116
2004-06-15,0.108
2004-06-16,0.100
2004-06-17,0.094
2004-06-18,0.088
2004-06-19,0.082
2004-06-20,0.081
2004-06-21,0.074
2004-06-22,0.075
2004-06-23,0.072
2004-06-24,0.065
2004-06-25,0.061
2004-06-26,0.064
2004-06-27,0.058
2004-06-28,0.056
2004-06-29,0.054
2004-06-30,0.054
2004-07-01,0.051
2004-07-02,0.047
2004-07-03,0.046
2004-07-04,0.045
2004-07-05,0.041
2004-07-06,0.039
2004-07-07,0.042
2004-07-08,0.039
2004-07-09,0.036
2004-07-10,0.035
2004-07-11,0.033
2004-07-12,0.031
2004-07-13,0.029
2004-07-14,0.028
2004-07-15,0.027
2004-07-16,0.026
2004-07-17,0.023
2004-07-18,0.022
2004-07-19,0.020
2004-07-20,0.018
2004-07-21,0.018
2004-07-22,0.024
2004-07-23,0.019
2004-07-24,0.016
2004-07-25,0.016
2004-07-26,0.016
2004-07-27,0.015
2004-07-28,0.013
2004-07-29,0.012
2004-07-30,0.010
2004-07-31,0.008
2004-08-01,0.007
2004-08-02,0.007
2004-08-03,0.020
2004-08-04,0.015
2004-08-05,0.011
2004-08-06,0.010
2004-08-07,0.008
2004-08-08,0.008
2004-08-09,0.008
2004-08-10,0.008
2004-08-11,0.007
2004-08-12,0.007
2004-08-13,0.006
2004-08-14,0.004
2004-08-15,0.004
2004-08-16,0.004
2004-08-17,0.004
2004-08-18,0.003
2004-08-19,0.002
2004-08-20,0.002
2004-08-21,0.001
2004-08-22,0.001
2004-08-23,0.008
2004-08-24,0.011
2004-08-25,0.010
2004-08-26,0.009
2004-08-27,0.009
2004-08-28,0.009
2004-08-29,0.010
2004-08-30,0.009
2004-08-31,0.010
2004-09-01,0.009
2004-09-02,0.009
2004-09-03,0.008
2004-09-04,0.008
2004-09-05,0.008
2004-09-06,0.006
2004-09-07,0.006
2004-09-08,0.006
2004-09-09,0.006
2004-09-10,0.006
2004-09-11,0.005
2004-09-12,0.005
2004-09-13,0.006
2004-09-14,0.005
2004-09-15,0.004
2004-09-16,0.004
2004-09-17,0.006
2004-09-18,0.007
2004-09-19,0.007
2004-09-20,0.008
2004-09-21,0.006
2004-09-22,0.007
2004-09-23,0.006
2004-09-24,0.006
2004-09-25,0.006
2004-09-26,0.006
2004-09-27,0.006
2004-09-28,0.005
2004-09-29,0.005
2004-09-30,0.005
2004-10-01,0.005
2004-10-02,0.004
2004-10-03,0.010
2004-10-04,0.030
2004-10-05,0.035
2004-10-06,0.037
2004-10-07,0.048
2004-10-08,0.066
2004-10-09,0.092
2004-10-10,0.140
2004-10-11,0.199
2004-10-12,0.250
2004-10-13,0.304
2004-10-14,0.329
2004-10-15,0.363
2004-10-16,0.371
2004-10-17,0.372
2004-10-18,0.372
2004-10-19,0.403
2004-10-20,0.473
2004-10-21,0.415
2004-10-22,0.457
2004-10-23,0.579
2004-10-24,0.686
2004-10-25,0.741
2004-10-26,0.822
2004-10-27,0.884
2004-10-28,0.916
2004-10-29,0.953
2004-10-30,0.977
2004-10-31,1.000
2004-11-01,1.040
2004-11-02,1.060
2004-11-03,1.090
2004-11-04,1.100
2004-11-05,1.090
2004-11-06,1.070
2004-11-07,1.030
2004-11-08,0.990
2004-11-09,0.955
2004-11-10,0.904
2004-11-11,0.865
2004-11-12,0.824
2004-11-13,0.782
2004-11-14,0.751
2004-11-15,0.718
2004-11-16,0.683
2004-11-17,0.651
2004-11-18,0.631
2004-11-19,0.595
2004-11-20,0.593
2004-11-21,0.596
2004-11-22,0.581
2004-11-23,0.573
2004-11-24,0.576
2004-11-25,0.580
2004-11-26,0.582
2004-11-27,0.589
2004-11-28,0.587
2004-11-29,0.584
2004-11-30,0.581
2004-12-01,0.570
2004-12-02,0.555
2004-12-03,0.548
2004-12-04,0.529
2004-12-05,0.512
2004-12-06,0.483
2004-12-07,0.468
2004-12-08,0.447
2004-12-09,0.427
2004-12-10,0.404
2004-12-11,0.383
2004-12-12,0.362
2004-12-13,0.336
2004-12-14,0.323
2004-12-15,0.305
2004-12-16,0.288
2004-12-17,0.295
2004-12-18,0.341
2004-12-19,0.432
2004-12-20,0.462
2004-12-21,0.494
2004-12-22,0.576
2004-12-23,0.619
2004-12-24,0.669
2004-12-25,0.696
2004-12-26,0.708
2004-12-27,0.758
2004-12-28,0.789
2004-12-29,0.795
2004-12-30,0.803
2004-12-31,0.802
2005-01-01,0.805
2005-01-02,0.786
2005-01-03,0.783
2005-01-04,0.771
2005-01-05,0.753
2005-01-06,0.730
2005-01-07,0.715
2005-01-08,0.685
2005-01-09,0.669
2005-01-10,0.650
2005-01-11,0.632
2005-01-12,0.608
2005-01-13,0.588
2005-01-14,0.577
2005-01-15,0.561
2005-01-16,0.547
2005-01-17,0.543
2005-01-18,0.523
2005-01-19,0.513
2005-01-20,0.501
2005-01-21,0.488
2005-01-22,0.480
2005-01-23,0.467
2005-01-24,0.459
2005-01-25,0.447
2005-01-26,0.435
2005-01-27,0.426
2005-01-28,0.413
2005-01-29,0.400
2005-01-30,0.389
2005-01-31,0.380
2005-02-01,0.367
2005-02-02,0.358
2005-02-03,0.349
2005-02-04,0.342
2005-02-05,0.340
2005-02-06,0.333
2005-02-07,0.324
2005-02-08,0.313
2005-02-09,0.290
2005-02-10,0.280
2005-02-11,0.277
2005-02-12,0.270
2005-02-13,0.267
2005-02-14,0.264
2005-02-15,0.260
2005-02-16,0.259
2005-02-17,0.259
2005-02-18,0.262
2005-02-19,0.262
2005-02-20,0.266
2005-02-21,0.268
2005-02-22,0.266
2005-02-23,0.265
2005-02-24,0.263
2005-02-25,0.257
2005-02-26,0.251
2005-02-27,0.243
2005-02-28,0.242
2005-03-01,0.238
2005-03-02,0.222
2005-03-03,0.212
2005-03-04,0.208
2005-03-05,0.196
2005-03-06,0.185
2005-03-07,0.181
2005-03-08,0.173
2005-03-09,0.166
2005-03-10,0.159
2005-03-11,0.154
2005-03-12,0.146
2005-03-13,0.139
2005-03-14,0.131
2005-03-15,0.124
2005-03-16,0.120
2005-03-17,0.112
2005-03-18,0.109
2005-03-19,0.104
2005-03-20,0.099
2005-03-21,0.099
2005-03-22,0.092
2005-03-23,0.089
2005-03-24,0.087
2005-03-25,0.086
2005-03-26,0.084
2005-03-27,0.081
2005-03-28,0.077
2005-03-29,0.106
2005-03-30,0.175
2005-03-31,0.205
2005-04-01,0.245
2005-04-02,0.298
2005-04-03,0.358
2005-04-04,0.406
2005-04-05,0.451
2005-04-06,0.505
2005-04-07,0.527
2005-04-08,0.530
2005-04-09,0.535
2005-04-10,0.530
2005-04-11,0.525
2005-04-12,0.519
2005-04-13,0.500
2005-04-14,0.482
2005-04-15,0.465
2005-04-16,0.448
2005-04-17,0.447
2005-04-18,0.440
2005-04-19,0.418
2005-04-20,0.398
2005-04-21,0.386
2005-04-22,0.374
2005-04-23,0.361
2005-04-24,0.348
2005-04-25,0.343
2005-04-26,0.333
2005-04-27,0.321
2005-04-28,0.316
2005-04-29,0.306
2005-04-30,0.307
2005-05-01,0.301
2005-05-02,0.301
2005-05-03,0.308
2005-05-04,0.304
2005-05-05,0.309
2005-05-06,0.310
2005-05-07,0.305
2005-05-08,0.302
2005-05-09,0.298
2005-05-10,0.292
2005-05-11,0.290
2005-05-12,0.283
2005-05-13,0.275
2005-05-14,0.266
2005-05-15,0.260
2005-05-16,0.247
2005-05-17,0.238
2005-05-18,0.228
2005-05-19,0.216
2005-05-20,0.208
2005-05-21,0.203
2005-05-22,0.193
2005-05-23,0.183
2005-05-24,0.175
2005-05-25,0.168
2005-05-26,0.161
2005-05-27,0.154
2005-05-28,0.140
2005-05-29,0.136
2005-05-30,0.127
2005-05-31,0.122
2005-06-01,0.114
2005-06-02,0.110
2005-06-03,0.105
2005-06-04,0.097
2005-06-05,0.092
2005-06-06,0.085
2005-06-07,0.081
2005-06-08,0.079
2005-06-09,0.075
2005-06-10,0.073
2005-06-11,0.070
2005-06-12,0.067
2005-06-13,0.062
2005-06-14,0.060
2005-06-15,0.059
2005-06-16,0.056
2005-06-17,0.053
2005-06-18,0.052
2005-06-19,0.050
2005-06-20,0.047
2005-06-21,0.044
2005-06-22,0.042
2005-06-23,0.039
2005-06-24,0.041
2005-06-25,0.038
2005-06-26,0.036
2005-06-27,0.034
2005-06-28,0.034
2005-06-29,0.033
2005-06-30,0.031
2005-07-01,0.029
2005-07-02,0.028
2005-07-03,0.027
2005-07-04,0.026
2005-07-05,0.026
2005-07-06,0.023
2005-07-07,0.021
2005-07-08,0.020
2005-07-09,0.018
2005-07-10,0.017
2005-07-11,0.015
2005-07-12,0.014
2005-07-13,0.013
2005-07-14,0.013
2005-07-15,0.011
2005-07-16,0.010
2005-07-17,0.009
2005-07-18,0.008
2005-07-19,0.007
2005-07-20,0.006
2005-07-21,0.005
2005-07-22,0.005
2005-07-23,0.004
2005-07-24,0.005
2005-07-25,0.004
2005-07-26,0.003
2005-07-27,0.002
2005-07-28,0.002
2005-07-29,0.001
2005-07-30,0.000
2005-07-31,0.000
2005-08-01,0.000
2005-08-02,0.000
2005-08-03,0.000
2005-08-04,0.000
2005-08-05,0.000
2005-08-06,0.000
2005-08-07,0.000
2005-08-08,0.000
2005-08-09,0.000
2005-08-10,0.000
2005-08-11,0.000
2005-08-12,0.000
2005-08-13,0.000
2005-08-14,0.000
2005-08-15,0.000
2005-08-16,0.000
2005-08-17,0.000
2005-08-18,0.000
2005-08-19,0.000
2005-08-20,0.000
2005-08-21,0.000
2005-08-22,0.000
2005-08-23,0.000
2005-08-24,0.000
2005-08-25,0.000
2005-08-26,0.000
2005-08-27,0.000
2005-08-28,0.000
2005-08-29,0.000
2005-08-30,0.000
2005-08-31,0.000
2005-09-01,0.000
2005-09-02,0.000
2005-09-03,0.000
2005-09-04,0.000
2005-09-05,0.000
2005-09-06,0.000
2005-09-07,0.000
2005-09-08,0.000
2005-09-09,0.000
2005-09-10,0.000
2005-09-11,0.000
2005-09-12,0.000
2005-09-13,0.000
2005-09-14,0.000
2005-09-15,0.000
2005-09-16,0.000
2005-09-17,0.000
2005-09-18,0.000
2005-09-19,0.000
2005-09-20,0.000
2005-09-21,0.000
2005-09-22,0.000
2005-09-23,0.000
2005-09-24,0.000
2005-09-25,0.000
2005-09-26,0.000
2005-09-27,0.000
2005-09-28,0.000
2005-09-29,0.000
2005-09-30,0.000
2005-10-01,0.000
2005-10-02,0.000
2005-10-03,0.000
2005-10-04,0.000
2005-10-05,0.000
2005-10-06,0.000
2005-10-07,0.000
2005-10-08,0.000
2005-10-09,0.000
2005-10-10,0.000
2005-10-11,0.000
2005-10-12,0.000
2005-10-13,0.000
2005-10-14,0.000
2005-10-15,0.000
2005-10-16,0.000
2005-10-17,0.000
2005-10-18,0.000
2005-10-19,0.000
2005-10-20,0.000
2005-10-21,0.000
2005-10-22,0.000
2005-10-23,0.000
2005-10-24,0.000
2005-10-25,0.000
2005-10-26,0.000
2005-10-27,0.000
2005-10-28,0.000
2005-10-29,0.000
2005-10-30,0.000
2005-10-31,0.000
2005-11-01,0.000
2005-11-02,0.000
2005-11-03,0.000
2005-11-04,0.000
2005-11-05,0.000
2005-11-06,0.000
2005-11-07,0.000
2005-11-08,0.000
2005-11-09,0.000
2005-11-10,0.000
2005-11-11,0.000
2005-11-12,0.000
2005-11-13,0.000
2005-11-14,0.000
2005-11-15,0.000
2005-11-16,0.000
2005-11-17,0.012
2005-11-18,0.024
2005-11-19,0.070
2005-11-20,0.118
2005-11-21,0.141
2005-11-22,0.150
2005-11-23,0.161
2005-11-24,0.174
2005-11-25,0.173
2005-11-26,0.161
2005-11-27,0.157
2005-11-28,0.154
2005-11-29,0.150
2005-11-30,0.150
2005-12-01,0.171
2005-12-02,0.244
2005-12-03,0.315
2005-12-04,0.384
2005-12-05,0.438
2005-12-06,0.488
2005-12-07,0.553
2005-12-08,0.607
2005-12-09,0.652
2005-12-10,0.700
2005-12-11,0.738
2005-12-12,0.765
2005-12-13,0.796
2005-12-14,0.807
2005-12-15,0.815
2005-12-16,0.799
2005-12-17,0.780
2005-12-18,0.764
2005-12-19,0.733
2005-12-20,0.710
2005-12-21,0.681
2005-12-22,0.651
2005-12-23,0.622
2005-12-24,0.597
2005-12-25,0.573
2005-12-26,0.545
2005-12-27,0.502
2005-12-28,0.473
2005-12-29,0.450
2005-12-30,0.454
2005-12-31,0.441
2006-01-01,0.415
2006-01-02,0.404
2006-01-03,0.398
2006-01-04,0.398
2006-01-05,0.400
2006-01-06,0.394
2006-01-07,0.395
2006-01-08,0.394
2006-01-09,0.393
2006-01-10,0.388
2006-01-11,0.378
2006-01-12,0.376
2006-01-13,0.370
2006-01-14,0.366
2006-01-15,0.360
2006-01-16,0.358
2006-01-17,0.352
2006-01-18,0.343
2006-01-19,0.340
2006-01-20,0.334
2006-01-21,0.329
2006-01-22,0.328
2006-01-23,0.328
2006-01-24,0.328
2006-01-25,0.324
2006-01-26,0.314
2006-01-27,0.311
2006-01-28,0.301
2006-01-29,0.291
2006-01-30,0.286
2006-01-31,0.283
2006-02-01,0.274
2006-02-02,0.263
2006-02-03,0.251
2006-02-04,0.237
2006-02-05,0.229
2006-02-06,0.219
2006-02-07,0.208
2006-02-08,0.196
2006-02-09,0.183
2006-02-10,0.177
2006-02-11,0.170
2006-02-12,0.165
2006-02-13,0.162
2006-02-14,0.163
2006-02-15,0.188
2006-02-16,0.190
2006-02-17,0.188
2006-02-18,0.190
2006-02-19,0.195
2006-02-20,0.197
2006-02-21,0.205
2006-02-22,0.209
2006-02-23,0.220
2006-02-24,0.221
2006-02-25,0.219
2006-02-26,0.216
2006-02-27,0.220
2006-02-28,0.216
2006-03-01,0.211
2006-03-02,0.207
2006-03-03,0.201
2006-03-04,0.191
2006-03-05,0.179
2006-03-06,0.172
2006-03-07,0.180
2006-03-08,0.192
2006-03-09,0.205
2006-03-10,0.208
2006-03-11,0.209
2006-03-12,0.218
2006-03-13,0.232
2006-03-14,0.247
2006-03-15,0.252
2006-03-16,0.262
2006-03-17,0.268
2006-03-18,0.272
2006-03-19,0.273
2006-03-20,0.268
2006-03-21,0.261
2006-03-22,0.253
2006-03-23,0.253
2006-03-24,0.243
2006-03-25,0.230
2006-03-26,0.225
2006-03-27,0.219
2006-03-28,0.214
2006-03-29,0.219
2006-03-30,0.292
2006-03-31,0.401
2006-04-01,0.487
2006-04-02,0.567
2006-04-03,0.644
2006-04-04,0.733
2006-04-05,0.799
2006-04-06,0.856
2006-04-07,0.886
2006-04-08,0.886
2006-04-09,0.874
2006-04-10,0.855
2006-04-11,0.844
2006-04-12,0.805
2006-04-13,0.772
2006-04-14,0.741
2006-04-15,0.712
2006-04-16,0.670
2006-04-17,0.648
2006-04-18,0.602
2006-04-19,0.573
2006-04-20,0.550
2006-04-21,0.507
2006-04-22,0.475
2006-04-23,0.443
2006-04-24,0.417
2006-04-25,0.382
2006-04-26,0.347
2006-04-27,0.320
2006-04-28,0.303
2006-04-29,0.286
2006-04-30,0.277
2006-05-01,0.252
2006-05-02,0.238
2006-05-03,0.222
2006-05-04,0.207
2006-05-05,0.193
2006-05-06,0.185
2006-05-07,0.173
2006-05-08,0.168
2006-05-09,0.154
2006-05-10,0.149
2006-05-11,0.143
2006-05-12,0.134
2006-05-13,0.126
2006-05-14,0.120
2006-05-15,0.116
2006-05-16,0.109
2006-05-17,0.109
2006-05-18,0.106
2006-05-19,0.107
2006-05-20,0.114
2006-05-21,0.124
2006-05-22,0.194
2006-05-23,0.227
2006-05-24,0.362
2006-05-25,0.644
2006-05-26,1.010
2006-05-27,1.390
2006-05-28,1.660
2006-05-29,1.890
2006-05-30,2.060
2006-05-31,2.140
2006-06-01,2.230
2006-06-02,2.280
2006-06-03,2.310
2006-06-04,2.350
2006-06-05,2.370
2006-06-06,2.380
2006-06-07,2.380
2006-06-08,2.380
2006-06-09,2.410
2006-06-10,2.480
2006-06-11,2.450
2006-06-12,2.400
2006-06-13,2.410
2006-06-14,2.390
2006-06-15,2.220
2006-06-16,2.050
2006-06-17,1.880
2006-06-18,1.730
2006-06-19,1.540
2006-06-20,1.400
2006-06-21,1.250
2006-06-22,1.070
2006-06-23,0.954
2006-06-24,0.831
2006-06-25,0.660
2006-06-26,0.571
2006-06-27,0.453
2006-06-28,0.370
2006-06-29,0.302
2006-06-30,0.227
2006-07-01,0.151
2006-07-02,0.118
2006-07-03,0.103
2006-07-04,0.093
2006-07-05,0.111
2006-07-06,0.217
2006-07-07,0.118
2006-07-08,0.102
2006-07-09,0.094
2006-07-10,0.085
2006-07-11,0.081
2006-07-12,0.077
2006-07-13,0.074
2006-07-14,0.069
2006-07-15,0.066
2006-07-16,0.063
2006-07-17,0.060
2006-07-18,0.058
2006-07-19,0.056
2006-07-20,0.053
2006-07-21,0.051
2006-07-22,0.053
2006-07-23,0.050
2006-07-24,0.047
2006-07-25,0.045
2006-07-26,0.042
2006-07-27,0.041
2006-07-28,0.039
2006-07-29,0.038
2006-07-30,0.036
2006-07-31,0.037
2006-08-01,0.034
2006-08-02,0.033
2006-08-03,0.030
2006-08-04,0.029
2006-08-05,0.028
2006-08-06,0.026
2006-08-07,0.025
2006-08-08,0.024
2006-08-09,0.023
2006-08-10,0.022
2006-08-11,0.021
2006-08-12,0.020
2006-08-13,0.019
2006-08-14,0.018
2006-08-15,0.018
2006-08-16,0.017
2006-08-17,0.016
2006-08-18,0.016
2006-08-19,0.015
2006-08-20,0.013
2006-08-21,0.012
2006-08-22,0.010
2006-08-23,0.010
2006-08-24,0.009
2006-08-25,0.008
2006-08-26,0.007
2006-08-27,0.006
2006-08-28,0.005
2006-08-29,0.005
2006-08-30,0.003
2006-08-31,0.003
2006-09-01,0.002
2006-09-02,0.002
2006-09-03,0.001
2006-09-04,0.000
2006-09-05,0.000
2006-09-06,0.000
2006-09-07,0.000
2006-09-08,0.000
2006-09-09,0.000
2006-09-10,0.000
2006-09-11,0.000
2006-09-12,0.000
2006-09-13,0.000
2006-09-14,0.000
2006-09-15,0.000
2006-09-16,0.000
2006-09-17,0.000
2006-09-18,0.000
2006-09-19,0.000
2006-09-20,0.000
2006-09-21,0.000
2006-09-22,0.000
2006-09-23,0.000
2006-09-24,0.000
2006-09-25,0.000
2006-09-26,0.000
2006-09-27,0.000
2006-09-28,0.000
2006-09-29,0.000
2006-09-30,0.000
2006-10-01,0.000
2006-10-02,0.000
2006-10-03,0.000
2006-10-04,0.000
2006-10-05,0.000
2006-10-06,0.000
2006-10-07,0.000
2006-10-08,0.000
2006-10-09,0.000
2006-10-10,0.000
2006-10-11,0.000
2006-10-12,0.000
2006-10-13,0.000
2006-10-14,0.000
2006-10-15,0.000
2006-10-16,0.000
2006-10-17,0.000
2006-10-18,0.000
2006-10-19,0.000
2006-10-20,0.000
2006-10-21,0.000
2006-10-22,0.000
2006-10-23,0.000
2006-10-24,0.000
2006-10-25,0.000
2006-10-26,0.000
2006-10-27,0.000
2006-10-28,0.001
2006-10-29,0.003
2006-10-30,0.005
2006-10-31,0.006
2006-11-01,0.006
2006-11-02,0.007
2006-11-03,0.007
2006-11-04,0.008
2006-11-05,0.009
2006-11-06,0.009
2006-11-07,0.010
2006-11-08,0.011
2006-11-09,0.011
2006-11-10,0.011
2006-11-11,0.010
2006-11-12,0.010
2006-11-13,0.011
2006-11-14,0.011
2006-11-15,0.011
2006-11-16,0.011
2006-11-17,0.015
2006-11-18,0.021
2006-11-19,0.023
2006-11-20,0.029
2006-11-21,0.034
2006-11-22,0.040
2006-11-23,0.052
2006-11-24,0.066
2006-11-25,0.128
2006-11-26,0.269
2006-11-27,0.562
2006-11-28,0.781
2006-11-29,0.981
2006-11-30,1.170
2006-12-01,1.270
2006-12-02,1.390
2006-12-03,1.530
2006-12-04,1.610
2006-12-05,1.680
2006-12-06,1.910
2006-12-07,2.280
2006-12-08,2.570
2006-12-09,2.820
2006-12-10,3.080
2006-12-11,3.050
2006-12-12,2.920
2006-12-13,2.780
2006-12-14,2.630
2006-12-15,2.480
2006-12-16,2.400
2006-12-17,2.110
2006-12-18,1.970
2006-12-19,1.820
2006-12-20,1.660
2006-12-21,1.500
2006-12-22,1.380
2006-12-23,1.290
2006-12-24,1.210
2006-12-25,1.150
2006-12-26,1.090
2006-12-27,1.080
2006-12-28,0.998
2006-12-29,0.998
2006-12-30,1.140
2006-12-31,1.240
2007-01-01,1.360
2007-01-02,1.450
2007-01-03,1.640
2007-01-04,1.790
2007-01-05,1.880
2007-01-06,2.070
2007-01-07,2.180
2007-01-08,2.280
2007-01-09,2.680
2007-01-10,3.350
2007-01-11,3.630
2007-01-12,3.590
2007-01-13,3.420
2007-01-14,3.120
2007-01-15,2.840
2007-01-16,2.570
2007-01-17,2.400
2007-01-18,2.530
2007-01-19,2.500
2007-01-20,2.540
2007-01-21,2.480
2007-01-22,2.390
2007-01-23,2.310
2007-01-24,2.150
2007-01-25,1.980
2007-01-26,1.900
2007-01-27,1.730
2007-01-28,1.600
2007-01-29,1.510
2007-01-30,1.460
2007-01-31,1.400
2007-02-01,1.300
2007-02-02,1.210
2007-02-03,1.140
2007-02-04,1.080
2007-02-05,1.020
2007-02-06,0.963
2007-02-07,0.913
2007-02-08,0.857
2007-02-09,0.824
2007-02-10,0.879
2007-02-11,0.928
2007-02-12,0.918
2007-02-13,0.947
2007-02-14,0.969
2007-02-15,1.010
2007-02-16,1.050
2007-02-17,1.060
2007-02-18,1.060
2007-02-19,1.070
2007-02-20,1.060
2007-02-21,1.040
2007-02-22,1.080
2007-02-23,1.140
2007-02-24,1.190
2007-02-25,1.210
2007-02-26,1.270
2007-02-27,1.370
2007-02-28,1.440
2007-03-01,1.480
2007-03-02,1.610
2007-03-03,1.630
2007-03-04,1.940
2007-03-05,2.420
2007-03-06,3.030
2007-03-07,3.310
2007-03-08,3.330
2007-03-09,3.140
2007-03-10,2.960
2007-03-11,2.760
2007-03-12,2.450
2007-03-13,2.180
2007-03-14,2.010
2007-03-15,1.830
2007-03-16,1.630
2007-03-17,1.480
2007-03-18,1.370
2007-03-19,1.310
2007-03-20,1.250
2007-03-21,1.190
2007-03-22,1.110
2007-03-23,1.030
2007-03-24,0.965
2007-03-25,0.903
2007-03-26,0.854
2007-03-27,0.813
2007-03-28,0.762
2007-03-29,0.731
2007-03-30,0.675
2007-03-31,0.624
2007-04-01,0.584
2007-04-02,0.550
2007-04-03,0.517
2007-04-04,0.486
2007-04-05,0.457
2007-04-06,0.423
2007-04-07,0.399
2007-04-08,0.371
2007-04-09,0.345
2007-04-10,0.322
2007-04-11,0.304
2007-04-12,0.284
2007-04-13,0.265
2007-04-14,0.240
2007-04-15,0.228
2007-04-16,0.211
2007-04-17,0.197
2007-04-18,0.191
2007-04-19,0.177
2007-04-20,0.170
2007-04-21,0.159
2007-04-22,0.151
2007-04-23,0.144
2007-04-24,0.136
2007-04-25,0.124
2007-04-26,0.115
2007-04-27,0.108
2007-04-28,0.103
2007-04-29,0.099
2007-04-30,0.093
2007-05-01,0.086
2007-05-02,0.081
2007-05-03,0.077
2007-05-04,0.073
2007-05-05,0.071
2007-05-06,0.068
2007-05-07,0.065
2007-05-08,0.063
2007-05-09,0.064
2007-05-10,0.066
2007-05-11,0.065
2007-05-12,0.064
2007-05-13,0.085
2007-05-14,0.077
2007-05-15,0.078
2007-05-16,0.080
2007-05-17,0.083
2007-05-18,0.088
2007-05-19,0.091
2007-05-20,0.096
2007-05-21,0.098
2007-05-22,0.101
2007-05-23,0.105
2007-05-24,0.108
2007-05-25,0.110
2007-05-26,0.111
2007-05-27,0.122
2007-05-28,0.123
2007-05-29,0.120
2007-05-30,0.123
2007-05-31,0.119
2007-06-01,0.116
2007-06-02,0.111
2007-06-03,0.110
2007-06-04,0.108
2007-06-05,0.103
2007-06-06,0.095
2007-06-07,0.092
2007-06-08,0.091
2007-06-09,0.088
2007-06-10,0.084
2007-06-11,0.080
2007-06-12,0.077
2007-06-13,0.075
2007-06-14,0.075
2007-06-15,0.073
2007-06-16,0.069
2007-06-17,0.064
2007-06-18,0.063
2007-06-19,0.061
2007-06-20,0.058
2007-06-21,0.057
2007-06-22,0.057
2007-06-23,0.053
2007-06-24,0.064
2007-06-25,0.082
2007-06-26,0.073
2007-06-27,0.072
2007-06-28,0.072
2007-06-29,0.072
2007-06-30,0.082
2007-07-01,0.097
2007-07-02,0.119
2007-07-03,0.157
2007-07-04,0.275
2007-07-05,0.501
2007-07-06,0.725
2007-07-07,0.914
2007-07-08,1.100
2007-07-09,1.230
2007-07-10,1.300
2007-07-11,1.290
2007-07-12,1.270
2007-07-13,1.250
2007-07-14,1.120
2007-07-15,1.050
2007-07-16,0.896
2007-07-17,0.804
2007-07-18,0.673
2007-07-19,0.598
2007-07-20,2.810
2007-07-21,3.020
2007-07-22,3.290
2007-07-23,3.740
2007-07-24,3.850
2007-07-25,3.920
2007-07-26,4.140
2007-07-27,4.060
2007-07-28,4.040
2007-07-29,4.040
2007-07-30,3.950
2007-07-31,3.910
2007-08-01,3.850
2007-08-02,3.840
2007-08-03,3.840
2007-08-04,3.760
2007-08-05,3.660
2007-08-06,3.570
2007-08-07,3.470
2007-08-08,3.370
2007-08-09,3.300
2007-08-10,3.240
2007-08-11,3.080
2007-08-12,3.070
2007-08-13,2.980
2007-08-14,2.990
2007-08-15,2.960
2007-08-16,2.860
2007-08-17,2.770
2007-08-18,2.690
2007-08-19,2.620
2007-08-20,2.540
2007-08-21,2.460
2007-08-22,2.350
2007-08-23,2.290
2007-08-24,2.200
2007-08-25,2.140
2007-08-26,2.060
2007-08-27,1.970
2007-08-28,1.860
2007-08-29,1.730
2007-08-30,1.640
2007-08-31,1.500
2007-09-01,1.380
2007-09-02,1.250
2007-09-03,1.080
2007-09-04,0.947
2007-09-05,0.842
2007-09-06,0.730
2007-09-07,0.628
2007-09-08,0.539
2007-09-09,0.463
2007-09-10,0.387
2007-09-11,0.325
2007-09-12,0.278
2007-09-13,0.242
2007-09-14,0.209
2007-09-15,0.184
2007-09-16,0.170
2007-09-17,0.155
2007-09-18,0.134
2007-09-19,0.125
2007-09-20,0.118
2007-09-21,0.108
2007-09-22,0.100
2007-09-23,0.096
2007-09-24,0.092
2007-09-25,0.088
2007-09-26,0.082
2007-09-27,0.078
2007-09-28,0.077
2007-09-29,0.075
2007-09-30,0.070
2007-10-01,0.079
2007-10-02,0.073
2007-10-03,0.071
2007-10-04,0.065
2007-10-05,0.063
2007-10-06,0.061
2007-10-07,0.060
2007-10-08,0.058
2007-10-09,0.058
2007-10-10,0.055
2007-10-11,0.052
2007-10-12,0.052
2007-10-13,0.051
2007-10-14,0.051
2007-10-15,0.048
2007-10-16,0.123
2007-10-17,0.181
2007-10-18,0.173
2007-10-19,0.175
2007-10-20,0.193
2007-10-21,0.233
2007-10-22,0.266
2007-10-23,0.277
2007-10-24,0.294
2007-10-25,0.303
2007-10-26,0.297
2007-10-27,0.282
2007-10-28,0.270
2007-10-29,0.251
2007-10-30,0.231
2007-10-31,0.215
2007-11-01,0.202
2007-11-02,0.192
2007-11-03,0.184
2007-11-04,0.173
2007-11-05,0.163
2007-11-06,0.151
2007-11-07,0.143
2007-11-08,0.133
2007-11-09,0.125
2007-11-10,0.113
2007-11-11,0.106
2007-11-12,0.103
2007-11-13,0.095
2007-11-14,0.091
2007-11-15,0.083
2007-11-16,0.081
2007-11-17,0.078
2007-11-18,0.103
2007-11-19,0.128
2007-11-20,0.169
2007-11-21,0.233
2007-11-22,0.297
2007-11-23,0.355
2007-11-24,0.429
2007-11-25,0.500
2007-11-26,0.510
2007-11-27,0.539
2007-11-28,0.561
2007-11-29,0.557
2007-11-30,0.588
2007-12-01,0.664
2007-12-02,0.738
2007-12-03,0.735
2007-12-04,0.775
2007-12-05,0.857
2007-12-06,1.050
2007-12-07,1.170
2007-12-08,1.470
2007-12-09,1.870
2007-12-10,1.790
2007-12-11,1.970
2007-12-12,2.150
2007-12-13,2.130
2007-12-14,1.990
2007-12-15,1.790
2007-12-16,1.660
2007-12-17,1.570
2007-12-18,1.420
2007-12-19,1.310
2007-12-20,1.270
2007-12-21,1.230
2007-12-22,1.140
2007-12-23,1.070
2007-12-24,1.040
2007-12-25,1.080
2007-12-26,0.995
2007-12-27,0.951
2007-12-28,0.965
2007-12-29,0.960
2007-12-30,0.943
2007-12-31,0.943
2008-01-01,0.944
2008-01-02,0.944
2008-01-03,0.936
2008-01-04,0.942
2008-01-05,0.937
2008-01-06,0.923
2008-01-07,0.906
2008-01-08,0.904
2008-01-09,0.894
2008-01-10,0.897
2008-01-11,1.330
2008-01-12,1.510
2008-01-13,1.740
2008-01-14,2.210
2008-01-15,3.800
2008-01-16,4.610
2008-01-17,4.700
2008-01-18,4.400
2008-01-19,4.190
2008-01-20,4.030
2008-01-21,3.880
2008-01-22,3.610
2008-01-23,3.310
2008-01-24,2.970
2008-01-25,2.660
2008-01-26,2.370
2008-01-27,2.120
2008-01-28,2.000
2008-01-29,1.780
2008-01-30,1.640
2008-01-31,1.570
2008-02-01,1.480
2008-02-02,1.380
2008-02-03,1.330
2008-02-04,1.260
2008-02-05,1.230
2008-02-06,1.150
2008-02-07,1.110
2008-02-08,1.080
2008-02-09,1.050
2008-02-10,1.040
2008-02-11,1.020
2008-02-12,0.984
2008-02-13,0.953
2008-02-14,0.937
2008-02-15,0.900
2008-02-16,0.879
2008-02-17,0.847
2008-02-18,0.813
2008-02-19,0.766
2008-02-20,0.738
2008-02-21,0.694
2008-02-22,0.659
2008-02-23,0.637
2008-02-24,0.593
2008-02-25,0.577
2008-02-26,0.545
2008-02-27,0.518
2008-02-28,0.496
2008-02-29,0.466
2008-03-01,0.434
2008-03-02,0.413
2008-03-03,0.392
2008-03-04,0.365
2008-03-05,0.349
2008-03-06,0.333
2008-03-07,0.316
2008-03-08,0.303
2008-03-09,0.290
2008-03-10,0.308
2008-03-11,0.300
2008-03-12,0.285
2008-03-13,0.306
2008-03-14,0.296
2008-03-15,0.380
2008-03-16,0.658
2008-03-17,0.701
2008-03-18,0.778
2008-03-19,0.893
2008-03-20,1.050
2008-03-21,1.130
2008-03-22,1.140
2008-03-23,1.160
2008-03-24,1.120
2008-03-25,1.100
2008-03-26,1.060
2008-03-27,1.030
2008-03-28,0.973
2008-03-29,0.950
2008-03-30,0.926
2008-03-31,0.883
2008-04-01,0.824
2008-04-02,0.797
2008-04-03,0.754
2008-04-04,0.738
2008-04-05,0.718
2008-04-06,0.697
2008-04-07,0.677
2008-04-08,0.656
2008-04-09,0.641
2008-04-10,0.619
2008-04-11,0.581
2008-04-12,0.554
2008-04-13,0.532
2008-04-14,0.496
2008-04-15,0.478
2008-04-16,0.460
2008-04-17,0.422
2008-04-18,0.399
2008-04-19,0.378
2008-04-20,0.359
2008-04-21,0.337
2008-04-22,0.323
2008-04-23,0.295
2008-04-24,0.280
2008-04-25,0.268
2008-04-26,0.256
2008-04-27,0.246
2008-04-28,0.230
2008-04-29,0.226
2008-04-30,0.219
2008-05-01,0.203
2008-05-02,0.200
2008-05-03,0.195
2008-05-04,0.196
2008-05-05,0.201
2008-05-06,0.203
2008-05-07,0.205
2008-05-08,0.206
2008-05-09,0.204
2008-05-10,0.203
2008-05-11,0.200
2008-05-12,0.197
2008-05-13,0.187
2008-05-14,0.184
2008-05-15,0.186
2008-05-16,0.185
2008-05-17,0.179
2008-05-18,0.176
2008-05-19,0.171
2008-05-20,0.166
2008-05-21,0.159
2008-05-22,0.151
2008-05-23,0.144
2008-05-24,0.137
2008-05-25,0.143
2008-05-26,0.152
2008-05-27,0.153
2008-05-28,0.182
2008-05-29,0.202
2008-05-30,0.210
2008-05-31,0.216
2008-06-01,0.223
2008-06-02,0.231
2008-06-03,0.401
2008-06-04,0.439
2008-06-05,0.463
2008-06-06,0.498
2008-06-07,0.532
2008-06-08,0.560
2008-06-09,0.584
2008-06-10,0.596
2008-06-11,0.593
2008-06-12,0.577
2008-06-13,0.551
2008-06-14,0.526
2008-06-15,0.494
2008-06-16,0.462
2008-06-17,0.431
2008-06-18,0.404
2008-06-19,0.372
2008-06-20,0.350
2008-06-21,0.333
2008-06-22,0.300
2008-06-23,0.281
2008-06-24,0.265
2008-06-25,0.241
2008-06-26,0.228
2008-06-27,0.206
2008-06-28,0.195
2008-06-29,0.185
2008-06-30,0.174
2008-07-01,0.166
2008-07-02,0.153
2008-07-03,0.138
2008-07-04,0.133
2008-07-05,0.126
2008-07-06,0.137
2008-07-07,0.146
2008-07-08,0.133
2008-07-09,0.175
2008-07-10,0.199
2008-07-11,0.237
2008-07-12,0.272
2008-07-13,0.286
2008-07-14,0.299
2008-07-15,0.315
2008-07-16,0.330
2008-07-17,0.340
2008-07-18,0.336
2008-07-19,0.319
2008-07-20,0.306
2008-07-21,0.295
2008-07-22,0.282
2008-07-23,0.267
2008-07-24,0.252
2008-07-25,0.236
2008-07-26,0.217
2008-07-27,0.203
2008-07-28,0.200
2008-07-29,0.189
2008-07-30,0.176
2008-07-31,0.170
2008-08-01,0.161
2008-08-02,0.150
2008-08-03,0.144
2008-08-04,0.138
2008-08-05,0.143
2008-08-06,0.138
2008-08-07,0.133
2008-08-08,0.129
2008-08-09,0.128
2008-08-10,0.123
2008-08-11,0.126
2008-08-12,0.137
2008-08-13,0.155
2008-08-14,0.170
2008-08-15,0.178
2008-08-16,0.198
2008-08-17,0.215
2008-08-18,0.241
2008-08-19,0.264
2008-08-20,0.281
2008-08-21,0.293
2008-08-22,0.308
2008-08-23,0.322
2008-08-24,0.342
2008-08-25,0.344
2008-08-26,0.351
2008-08-27,0.352
2008-08-28,0.353
2008-08-29,0.352
2008-08-30,0.346
2008-08-31,0.336
2008-09-01,0.330
2008-09-02,0.342
2008-09-03,0.346
2008-09-04,0.491
2008-09-05,0.834
2008-09-06,1.210
2008-09-07,1.520
2008-09-08,1.870
2008-09-09,2.300
2008-09-10,2.480
2008-09-11,2.650
2008-09-12,2.750
2008-09-13,2.800
2008-09-14,2.780
2008-09-15,2.790
2008-09-16,2.700
2008-09-17,2.760
2008-09-18,2.710
2008-09-19,2.590
2008-09-20,2.470
2008-09-21,2.310
2008-09-22,2.010
2008-09-23,1.870
2008-09-24,1.710
2008-09-25,1.560
2008-09-26,1.440
2008-09-27,1.330
2008-09-28,1.210
2008-09-29,1.100
2008-09-30,1.010
2008-10-01,0.887
2008-10-02,0.788
2008-10-03,0.709
2008-10-04,0.666
2008-10-05,0.637
2008-10-06,0.571
2008-10-07,0.538
2008-10-08,0.493
2008-10-09,0.439
2008-10-10,0.395
2008-10-11,0.370
2008-10-12,0.353
2008-10-13,0.332
2008-10-14,0.310
2008-10-15,0.287
2008-10-16,0.262
2008-10-17,0.246
2008-10-18,0.229
2008-10-19,0.213
2008-10-20,0.206
2008-10-21,0.193
2008-10-22,0.182
2008-10-23,0.172
2008-10-24,0.160
2008-10-25,0.153
2008-10-26,0.149
2008-10-27,0.141
2008-10-28,0.137
2008-10-29,0.136
2008-10-30,0.131
2008-10-31,0.125
2008-11-01,0.130
2008-11-02,0.148
2008-11-03,0.159
2008-11-04,0.161
2008-11-05,0.173
2008-11-06,0.193
2008-11-07,0.207
2008-11-08,0.230
2008-11-09,0.279
2008-11-10,0.430
2008-11-11,0.545
2008-11-12,0.597
2008-11-13,0.772
2008-11-14,0.848
2008-11-15,0.937
2008-11-16,0.982
2008-11-17,1.090
2008-11-18,1.090
2008-11-19,1.110
2008-11-20,1.120
2008-11-21,1.050
2008-11-22,0.990
2008-11-23,0.994
2008-11-24,0.901
2008-11-25,0.869
2008-11-26,0.841
2008-11-27,0.827
2008-11-28,0.791
2008-11-29,0.724
2008-11-30,0.666
2008-12-01,0.600
2008-12-02,0.590
2008-12-03,0.575
2008-12-04,0.574
2008-12-05,0.538
2008-12-06,0.505
2008-12-07,0.484
2008-12-08,0.470
2008-12-09,0.455
2008-12-10,0.446
2008-12-11,0.434
2008-12-12,0.445
2008-12-13,0.679
2008-12-14,0.671
2008-12-15,0.715
2008-12-16,0.791
2008-12-17,0.865
2008-12-18,0.929
2008-12-19,0.968
2008-12-20,0.973
2008-12-21,0.952
2008-12-22,0.957
2008-12-23,0.948
2008-12-24,0.905
2008-12-25,0.855
2008-12-26,0.828
2008-12-27,0.809
2008-12-28,0.775
2008-12-29,0.729
2008-12-30,0.686
2008-12-31,0.644
2009-01-01,0.608
2009-01-02,0.573
2009-01-03,0.539
2009-01-04,0.509
2009-01-05,0.474
2009-01-06,0.444
2009-01-07,0.417
2009-01-08,0.392
2009-01-09,0.367
2009-01-10,0.346
2009-01-11,0.325
2009-01-12,0.343
2009-01-13,0.338
2009-01-14,0.327
2009-01-15,0.319
2009-01-16,0.317
2009-01-17,0.328
2009-01-18,0.352
2009-01-19,0.396
2009-01-20,0.431
2009-01-21,0.494
2009-01-22,0.637
2009-01-23,0.724
2009-01-24,0.786
2009-01-25,0.914
2009-01-26,0.968
2009-01-27,1.060
2009-01-28,1.130
2009-01-29,1.150
2009-01-30,1.150
2009-01-31,1.160
2009-02-01,1.150
2009-02-02,1.140
2009-02-03,1.120
2009-02-04,1.090
2009-02-05,1.060
2009-02-06,0.999
2009-02-07,0.971
2009-02-08,0.932
2009-02-09,1.050
2009-02-10,1.160
2009-02-11,1.200
2009-02-12,1.200
2009-02-13,1.280
2009-02-14,1.390
2009-02-15,1.540
2009-02-16,1.620
2009-02-17,1.710
2009-02-18,1.750
2009-02-19,1.750
2009-02-20,1.800
2009-02-21,1.750
2009-02-22,1.650
2009-02-23,1.540
2009-02-24,1.480
2009-02-25,1.360
2009-02-26,1.260
2009-02-27,1.170
2009-02-28,1.120
2009-03-01,1.080
2009-03-02,1.040
2009-03-03,1.040
2009-03-04,0.988
2009-03-05,0.900
2009-03-06,0.857
2009-03-07,0.809
2009-03-08,0.778
2009-03-09,0.733
2009-03-10,0.700
2009-03-11,0.663
2009-03-12,0.631
2009-03-13,0.600
2009-03-14,0.567
2009-03-15,0.538
2009-03-16,0.511
2009-03-17,0.487
2009-03-18,0.465
2009-03-19,0.453
2009-03-20,0.438
2009-03-21,0.416
2009-03-22,0.399
2009-03-23,0.376
2009-03-24,0.360
2009-03-25,0.341
2009-03-26,0.329
2009-03-27,0.318
2009-03-28,0.296
2009-03-29,0.284
2009-03-30,0.269
2009-03-31,0.256
2009-04-01,0.244
2009-04-02,0.232
2009-04-03,0.220
2009-04-04,0.208
2009-04-05,0.202
2009-04-06,0.191
2009-04-07,0.181
2009-04-08,0.171
2009-04-09,0.166
2009-04-10,0.157
2009-04-11,0.148
2009-04-12,0.139
2009-04-13,0.135
2009-04-14,0.129
2009-04-15,0.123
2009-04-16,0.117
2009-04-17,0.113
2009-04-18,0.107
2009-04-19,0.101
2009-04-20,0.093
2009-04-21,0.084
2009-04-22,0.080
2009-04-23,0.079
2009-04-24,0.078
2009-04-25,0.074
2009-04-26,0.072
2009-04-27,0.072
2009-04-28,0.070
2009-04-29,0.062
2009-04-30,0.060
2009-05-01,0.057
2009-05-02,0.056
2009-05-03,0.054
2009-05-04,0.053
2009-05-05,0.052
2009-05-06,0.051
2009-05-07,0.051
2009-05-08,0.049
2009-05-09,0.048
2009-05-10,0.045
2009-05-11,0.045
2009-05-12,0.044
2009-05-13,0.043
2009-05-14,0.043
2009-05-15,0.042
2009-05-16,0.037
2009-05-17,0.037
2009-05-18,0.036
2009-05-19,0.037
2009-05-20,0.035
2009-05-21,0.034
2009-05-22,0.034
2009-05-23,0.034
2009-05-24,0.033
2009-05-25,0.033
2009-05-26,0.031
2009-05-27,0.030
2009-05-28,0.030
2009-05-29,0.029
2009-05-30,0.028
2009-05-31,0.027
2009-06-01,0.026
2009-06-02,0.025
2009-06-03,0.023
2009-06-04,0.023
2009-06-05,0.023
2009-06-06,0.024
2009-06-07,0.024
2009-06-08,0.022
2009-06-09,0.022
2009-06-10,0.022
2009-06-11,0.022
2009-06-12,0.021
2009-06-13,0.020
2009-06-14,0.020
2009-06-15,0.019
2009-06-16,0.018
2009-06-17,0.018
2009-06-18,0.018
2009-06-19,0.017
2009-06-20,0.016
2009-06-21,0.016
2009-06-22,0.014
2009-06-23,0.013
2009-06-24,0.013
2009-06-25,0.012
2009-06-26,0.012
2009-06-27,0.012
2009-06-28,0.010
2009-06-29,0.009
2009-06-30,0.008
2009-07-01,0.007
2009-07-02,0.006
2009-07-03,0.005
2009-07-04,0.005
2009-07-05,0.004
2009-07-06,0.004
2009-07-07,0.004
2009-07-08,0.003
2009-07-09,0.002
2009-07-10,0.002
2009-07-11,0.002
2009-07-12,0.002
2009-07-13,0.001
2009-07-14,0.001
2009-07-15,0.000
2009-07-16,0.000
2009-07-17,0.000
2009-07-18,0.000
2009-07-19,0.000
2009-07-20,0.000
2009-07-21,0.000
2009-07-22,0.000
2009-07-23,0.000
2009-07-24,0.000
2009-07-25,0.000
2009-07-26,0.000
2009-07-27,0.000
2009-07-28,0.000
2009-07-29,0.000
2009-07-30,0.000
2009-07-31,0.000
2009-08-01,0.000
2009-08-02,0.000
2009-08-03,0.000
2009-08-04,0.000
2009-08-05,0.002
2009-08-06,0.007
2009-08-07,0.013
2009-08-08,0.014
2009-08-09,0.015
2009-08-10,0.017
2009-08-11,0.018
2009-08-12,0.020
2009-08-13,0.022
2009-08-14,0.022
2009-08-15,0.024
2009-08-16,0.025
2009-08-17,0.025
2009-08-18,0.028
2009-08-19,0.028
2009-08-20,0.027
2009-08-21,0.027
2009-08-22,0.027
2009-08-23,0.028
2009-08-24,0.028
2009-08-25,0.027
2009-08-26,0.027
2009-08-27,0.027
2009-08-28,0.026
2009-08-29,0.025
2009-08-30,0.025
2009-08-31,0.025
2009-09-01,0.025
2009-09-02,0.026
2009-09-03,0.024
2009-09-04,0.022
2009-09-05,0.022
2009-09-06,0.021
2009-09-07,0.021
2009-09-08,0.020
2009-09-09,0.020
2009-09-10,0.019
2009-09-11,0.016
2009-09-12,0.016
2009-09-13,0.016
2009-09-14,0.015
2009-09-15,0.013
2009-09-16,0.012
2009-09-17,0.012
2009-09-18,0.012
2009-09-19,0.011
2009-09-20,0.009
2009-09-21,0.009
2009-09-22,0.008
2009-09-23,0.007
2009-09-24,0.006
2009-09-25,0.006
2009-09-26,0.005
2009-09-27,0.004
2009-09-28,0.003
2009-09-29,0.003
2009-09-30,0.002
2009-10-01,0.002
2009-10-02,0.001
2009-10-03,0.001
2009-10-04,0.000
2009-10-05,0.000
2009-10-06,0.000
2009-10-07,0.000
2009-10-08,0.000
2009-10-09,0.000
2009-10-10,0.000
2009-10-11,0.000
2009-10-12,0.000
2009-10-13,0.000
2009-10-14,0.000
2009-10-15,0.000
2009-10-16,0.000
2009-10-17,0.000
2009-10-18,0.000
2009-10-19,0.000
2009-10-20,0.000
2009-10-21,0.000
2009-10-22,0.000
2009-10-23,0.000
2009-10-24,0.000
2009-10-25,0.000
2009-10-26,0.000
2009-10-27,0.000
2009-10-28,0.000
2009-10-29,0.000
2009-10-30,0.000
2009-10-31,0.000
2009-11-01,0.000
2009-11-02,0.000
2009-11-03,0.000
2009-11-04,0.000
2009-11-05,0.000
2009-11-06,0.000
2009-11-07,0.000
2009-11-08,0.000
2009-11-09,0.000
2009-11-10,0.000
2009-11-11,0.000
2009-11-12,0.000
2009-11-13,0.000
2009-11-14,0.000
2009-11-15,0.000
2009-11-16,0.000
2009-11-17,0.000
2009-11-18,0.007
2009-11-19,0.022
2009-11-20,0.026
2009-11-21,0.103
2009-11-22,0.151
2009-11-23,0.399
2009-11-24,0.453
2009-11-25,0.699
2009-11-26,1.380
2009-11-27,2.130
2009-11-28,2.640
2009-11-29,3.060
2009-11-30,3.280
2009-12-01,3.460
2009-12-02,3.460
2009-12-03,3.330
2009-12-04,3.100
2009-12-05,2.970
2009-12-06,3.110
2009-12-07,3.260
2009-12-08,3.220
2009-12-09,3.520
2009-12-10,3.480
2009-12-11,3.350
2009-12-12,3.150
2009-12-13,2.920
2009-12-14,2.680
2009-12-15,2.460
2009-12-16,2.190
2009-12-17,1.910
2009-12-18,1.770
2009-12-19,1.660
2009-12-20,1.490
2009-12-21,1.360
2009-12-22,1.230
2009-12-23,1.150
2009-12-24,1.070
2009-12-25,1.020
2009-12-26,0.991
2009-12-27,0.935
2009-12-28,0.882
2009-12-29,0.946
2009-12-30,1.040
2009-12-31,1.050
2010-01-01,1.060
2010-01-02,1.080
2010-01-03,1.110
2010-01-04,1.130
2010-01-05,1.140
2010-01-06,1.110
2010-01-07,1.070
2010-01-08,1.040
2010-01-09,1.030
2010-01-10,0.995
2010-01-11,0.934
2010-01-12,0.892
2010-01-13,0.837
2010-01-14,0.787
2010-01-15,0.830
2010-01-16,1.010
2010-01-17,0.998
2010-01-18,1.020
2010-01-19,1.090
2010-01-20,1.300
2010-01-21,1.440
2010-01-22,2.060
2010-01-23,2.720
2010-01-24,3.150
2010-01-25,3.230
2010-01-26,3.090
2010-01-27,2.980
2010-01-28,2.730
2010-01-29,2.580
2010-01-30,2.200
2010-01-31,1.950
2010-02-01,1.760
2010-02-02,1.680
2010-02-03,1.540
2010-02-04,1.390
2010-02-05,1.260
2010-02-06,1.170
2010-02-07,1.130
2010-02-08,1.090
2010-02-09,1.050
2010-02-10,1.020
2010-02-11,0.961
2010-02-12,0.911
2010-02-13,0.861
2010-02-14,0.820
2010-02-15,0.785
2010-02-16,0.751
2010-02-17,0.719
2010-02-18,0.697
2010-02-19,0.662
2010-02-20,0.617
2010-02-21,0.597
2010-02-22,0.583
2010-02-23,0.559
2010-02-24,0.535
2010-02-25,0.530
2010-02-26,0.535
2010-02-27,0.567
2010-02-28,0.660
2010-03-01,0.663
2010-03-02,0.671
2010-03-03,0.697
2010-03-04,0.726
2010-03-05,0.729
2010-03-06,0.738
2010-03-07,0.745
2010-03-08,0.731
2010-03-09,0.719
2010-03-10,0.704
2010-03-11,0.687
2010-03-12,0.655
2010-03-13,0.629
2010-03-14,0.589
2010-03-15,0.565
2010-03-16,0.549
2010-03-17,0.518
2010-03-18,0.495
2010-03-19,0.473
2010-03-20,0.459
2010-03-21,0.430
2010-03-22,0.408
2010-03-23,0.399
2010-03-24,0.399
2010-03-25,0.421
2010-03-26,0.427
2010-03-27,0.428
2010-03-28,0.435
2010-03-29,0.459
2010-03-30,0.520
2010-03-31,0.588
2010-04-01,0.644
2010-04-02,0.662
2010-04-03,0.809
2010-04-04,0.937
2010-04-05,1.070
2010-04-06,1.300
2010-04-07,1.330
2010-04-08,1.470
2010-04-09,1.490
2010-04-10,1.580
2010-04-11,1.580
2010-04-12,1.610
2010-04-13,1.510
2010-04-14,1.480
2010-04-15,1.510
2010-04-16,1.430
2010-04-17,1.380
2010-04-18,1.320
2010-04-19,1.280
2010-04-20,1.130
2010-04-21,1.110
2010-04-22,1.090
2010-04-23,0.993
2010-04-24,0.958
2010-04-25,0.941
2010-04-26,0.920
2010-04-27,0.878
2010-04-28,0.860
2010-04-29,0.792
2010-04-30,0.788
2010-05-01,0.766
2010-05-02,0.758
2010-05-03,0.700
2010-05-04,0.656
2010-05-05,0.633
2010-05-06,0.593
2010-05-07,0.550
2010-05-08,0.516
2010-05-09,0.468
2010-05-10,0.423
2010-05-11,0.383
2010-05-12,0.345
2010-05-13,0.317
2010-05-14,0.291
2010-05-15,0.261
2010-05-16,0.244
2010-05-17,0.223
2010-05-18,0.206
2010-05-19,0.194
2010-05-20,0.182
2010-05-21,0.164
2010-05-22,0.150
2010-05-23,0.134
2010-05-24,0.128
2010-05-25,0.124
2010-05-26,0.117
2010-05-27,0.114
2010-05-28,0.107
2010-05-29,0.108
2010-05-30,0.100
2010-05-31,0.097
2010-06-01,0.097
2010-06-02,0.092
2010-06-03,0.086
2010-06-04,0.083
2010-06-05,0.078
2010-06-06,0.076
2010-06-07,0.076
2010-06-08,0.075
2010-06-09,0.072
2010-06-10,0.070
2010-06-11,0.067
2010-06-12,0.066
2010-06-13,0.067
2010-06-14,0.063
2010-06-15,0.060
2010-06-16,0.058
2010-06-17,0.056
2010-06-18,0.056
2010-06-19,0.054
2010-06-20,0.053
2010-06-21,0.049
2010-06-22,0.047
2010-06-23,0.046
2010-06-24,0.045
2010-06-25,0.045
2010-06-26,0.042
2010-06-27,0.040
2010-06-28,0.039
2010-06-29,0.038
2010-06-30,0.038
2010-07-01,0.037
2010-07-02,0.036
2010-07-03,0.035
2010-07-04,0.034
2010-07-05,0.032
2010-07-06,0.032
2010-07-07,0.031
2010-07-08,0.031
2010-07-09,0.029
2010-07-10,0.028
2010-07-11,0.027
2010-07-12,0.027
2010-07-13,0.027
2010-07-14,0.026
2010-07-15,0.025
2010-07-16,0.024
2010-07-17,0.024
2010-07-18,0.023
2010-07-19,0.021
2010-07-20,0.020
2010-07-21,0.020
2010-07-22,0.019
2010-07-23,0.019
2010-07-24,0.018
2010-07-25,0.017
2010-07-26,0.016
2010-07-27,0.016
2010-07-28,0.016
2010-07-29,0.014
2010-07-30,0.013
2010-07-31,0.012
2010-08-01,0.011
2010-08-02,0.011
2010-08-03,0.011
2010-08-04,0.011
2010-08-05,0.010
2010-08-06,0.009
2010-08-07,0.009
2010-08-08,0.008
2010-08-09,0.007
2010-08-10,0.008
2010-08-11,0.007
2010-08-12,0.006
2010-08-13,0.006
2010-08-14,0.007
2010-08-15,0.006
2010-08-16,0.005
2010-08-17,0.005
2010-08-18,0.004
2010-08-19,0.004
2010-08-20,0.004
2010-08-21,0.003
2010-08-22,0.005
2010-08-23,0.007
2010-08-24,0.006
2010-08-25,0.011
2010-08-26,0.014
2010-08-27,0.013
2010-08-28,0.013
2010-08-29,0.013
2010-08-30,0.013
2010-08-31,0.013
2010-09-01,0.013
2010-09-02,0.012
2010-09-03,0.012
2010-09-04,0.012
2010-09-05,0.013
2010-09-06,0.013
2010-09-07,0.012
2010-09-08,0.012
2010-09-09,0.012
2010-09-10,0.011
2010-09-11,0.011
2010-09-12,0.010
2010-09-13,0.010
2010-09-14,0.010
2010-09-15,0.009
2010-09-16,0.009
2010-09-17,0.008
2010-09-18,0.008
2010-09-19,0.007
2010-09-20,0.006
2010-09-21,0.005
2010-09-22,0.005
2010-09-23,0.005
2010-09-24,0.005
2010-09-25,0.004
2010-09-26,0.003
2010-09-27,0.003
2010-09-28,0.003
2010-09-29,0.002
2010-09-30,0.002
2010-10-01,0.004
2010-10-02,0.006
2010-10-03,0.009
2010-10-04,0.011
2010-10-05,0.012
2010-10-06,0.014
2010-10-07,0.015
2010-10-08,0.016
2010-10-09,0.018
2010-10-10,0.020
2010-10-11,0.020
2010-10-12,0.021
2010-10-13,0.023
2010-10-14,0.024
2010-10-15,0.025
2010-10-16,0.026
2010-10-17,0.032
2010-10-18,0.032
2010-10-19,0.031
2010-10-20,0.031
2010-10-21,0.031
2010-10-22,0.031
2010-10-23,0.031
2010-10-24,0.030
2010-10-25,0.030
2010-10-26,0.031
2010-10-27,0.030
2010-10-28,0.030
2010-10-29,0.030
2010-10-30,0.029
2010-10-31,0.028
2010-11-01,0.027
2010-11-02,0.027
2010-11-03,0.026
2010-11-04,0.026
2010-11-05,0.027
2010-11-06,0.028
2010-11-07,0.030
2010-11-08,0.039
2010-11-09,0.041
2010-11-10,0.041
2010-11-11,0.049
2010-11-12,0.056
2010-11-13,0.061
2010-11-14,0.065
2010-11-15,0.068
2010-11-16,0.092
2010-11-17,0.135
2010-11-18,0.205
2010-11-19,0.236
2010-11-20,0.263
2010-11-21,0.289
2010-11-22,0.301
2010-11-23,0.315
2010-11-24,0.347
2010-11-25,0.343
2010-11-26,0.323
2010-11-27,0.324
2010-11-28,0.314
2010-11-29,0.311
2010-11-30,0.304
2010-12-01,0.281
2010-12-02,0.272
2010-12-03,0.265
2010-12-04,0.256
2010-12-05,0.242
2010-12-06,0.229
2010-12-07,0.214
2010-12-08,0.208
2010-12-09,0.195
2010-12-10,0.178
2010-12-11,0.175
2010-12-12,0.167
2010-12-13,0.158
2010-12-14,0.148
2010-12-15,0.151
2010-12-16,0.145
2010-12-17,0.142
2010-12-18,0.119
2010-12-19,0.118
2010-12-20,0.118
2010-12-21,0.114
2010-12-22,0.105
2010-12-23,0.101
2010-12-24,0.099
2010-12-25,0.094
2010-12-26,0.092
2010-12-27,0.091
2010-12-28,0.093
2010-12-29,0.113
2010-12-30,0.144
2010-12-31,0.148
2011-01-01,0.157
2011-01-02,0.169
2011-01-03,0.189
2011-01-04,0.213
2011-01-05,0.233
2011-01-06,0.245
2011-01-07,0.293
2011-01-08,0.315
2011-01-09,0.335
2011-01-10,0.398
2011-01-11,0.451
2011-01-12,0.574
2011-01-13,0.718
2011-01-14,0.853
2011-01-15,0.959
2011-01-16,1.060
2011-01-17,1.130
2011-01-18,1.190
2011-01-19,1.240
2011-01-20,1.260
2011-01-21,1.260
2011-01-22,1.260
2011-01-23,1.270
2011-01-24,1.260
2011-01-25,1.220
2011-01-26,1.140
2011-01-27,1.070
2011-01-28,1.020
2011-01-29,0.962
2011-01-30,0.909
2011-01-31,0.860
2011-02-01,0.815
2011-02-02,0.758
2011-02-03,0.726
2011-02-04,0.677
2011-02-05,0.644
2011-02-06,0.611
2011-02-07,0.573
2011-02-08,0.547
2011-02-09,0.515
2011-02-10,0.488
2011-02-11,0.458
2011-02-12,0.433
2011-02-13,0.435
2011-02-14,0.429
2011-02-15,0.426
2011-02-16,0.425
2011-02-17,0.421
2011-02-18,0.432
2011-02-19,0.469
2011-02-20,0.499
2011-02-21,0.536
2011-02-22,0.565
2011-02-23,0.601
2011-02-24,0.625
2011-02-25,0.692
2011-02-26,0.747
2011-02-27,0.787
2011-02-28,0.814
2011-03-01,0.866
2011-03-02,0.889
2011-03-03,0.906
2011-03-04,0.928
2011-03-05,0.927
2011-03-06,0.920
2011-03-07,0.906
2011-03-08,0.883
2011-03-09,0.854
2011-03-10,0.825
2011-03-11,0.796
2011-03-12,0.775
2011-03-13,0.728
2011-03-14,0.693
2011-03-15,0.661
2011-03-16,0.628
2011-03-17,0.588
2011-03-18,0.542
2011-03-19,0.517
2011-03-20,0.490
2011-03-21,0.460
2011-03-22,0.434
2011-03-23,0.406
2011-03-24,0.382
2011-03-25,0.360
2011-03-26,0.345
2011-03-27,0.305
2011-03-28,0.290
2011-03-29,0.279
2011-03-30,0.270
2011-03-31,0.248
2011-04-01,0.225
2011-04-02,0.215
2011-04-03,0.207
2011-04-04,0.194
2011-04-05,0.187
2011-04-06,0.174
2011-04-07,0.166
2011-04-08,0.161
2011-04-09,0.152
2011-04-10,0.142
2011-04-11,0.133
2011-04-12,0.128
2011-04-13,0.123
2011-04-14,0.130
2011-04-15,0.109
2011-04-16,0.105
2011-04-17,0.101
2011-04-18,0.098
2011-04-19,0.096
2011-04-20,0.092
2011-04-21,0.088
2011-04-22,0.084
2011-04-23,0.078
2011-04-24,0.075
2011-04-25,0.073
2011-04-26,0.070
2011-04-27,0.068
2011-04-28,0.067
2011-04-29,0.064
2011-04-30,0.060
2011-05-01,0.061
2011-05-02,0.057
2011-05-03,0.053
2011-05-04,0.049
2011-05-05,0.048
2011-05-06,0.047
2011-05-07,0.051
2011-05-08,0.047
2011-05-09,0.043
2011-05-10,0.043
2011-05-11,0.042
2011-05-12,0.040
2011-05-13,0.043
2011-05-14,0.037
2011-05-15,0.036
2011-05-16,0.035
2011-05-17,0.034
2011-05-18,0.034
2011-05-19,0.033
2011-05-20,0.031
2011-05-21,0.030
2011-05-22,0.030
2011-05-23,0.028
2011-05-24,0.027
2011-05-25,0.026
2011-05-26,0.030
2011-05-27,0.026
2011-05-28,0.025
2011-05-29,0.026
2011-05-30,0.026
2011-05-31,0.024
2011-06-01,0.024
2011-06-02,0.023
2011-06-03,0.020
2011-06-04,0.019
2011-06-05,0.020
2011-06-06,0.019
2011-06-07,0.018
2011-06-08,0.017
2011-06-09,0.016
2011-06-10,0.016
2011-06-11,0.015
2011-06-12,0.019
2011-06-13,0.016
2011-06-14,0.015
2011-06-15,0.015
2011-06-16,0.014
2011-06-17,0.014
2011-06-18,0.013
2011-06-19,0.013
2011-06-20,0.013
2011-06-21,0.012
2011-06-22,0.011
2011-06-23,0.011
2011-06-24,0.010
2011-06-25,0.010
2011-06-26,0.009
2011-06-27,0.009
2011-06-28,0.008
2011-06-29,0.008
2011-06-30,0.008
2011-07-01,0.007
2011-07-02,0.006
2011-07-03,0.006
2011-07-04,0.005
2011-07-05,0.005
2011-07-06,0.004
2011-07-07,0.004
2011-07-08,0.004
2011-07-09,0.003
2011-07-10,0.003
2011-07-11,0.003
2011-07-12,0.003
2011-07-13,0.002
2011-07-14,0.001
2011-07-15,0.001
2011-07-16,0.002
2011-07-17,0.002
2011-07-18,0.001
2011-07-19,0.001
2011-07-20,0.000
2011-07-21,0.000
2011-07-22,0.000
2011-07-23,0.000
2011-07-24,0.000
2011-07-25,0.000
2011-07-26,0.000
2011-07-27,0.000
2011-07-28,0.000
2011-07-29,0.000
2011-07-30,0.000
2011-07-31,0.000
2011-08-01,0.000
2011-08-02,0.000
2011-08-03,0.000
2011-08-04,0.000
2011-08-05,0.000
2011-08-06,0.000
2011-08-07,0.000
2011-08-08,0.000
2011-08-09,0.000
2011-08-10,0.000
2011-08-11,0.000
2011-08-12,0.000
2011-08-13,0.000
2011-08-14,0.000
2011-08-15,0.000
2011-08-16,0.000
2011-08-17,0.000
2011-08-18,0.000
2011-08-19,0.000
2011-08-20,0.000
2011-08-21,0.000
2011-08-22,0.000
2011-08-23,0.000
2011-08-24,0.000
2011-08-25,0.000
2011-08-26,0.000
2011-08-27,0.000
2011-08-28,0.000
2011-08-29,0.000
2011-08-30,0.000
2011-08-31,0.000
2011-09-01,0.000
2011-09-02,0.000
2011-09-03,0.000
2011-09-04,0.000
2011-09-05,0.000
2011-09-06,0.000
2011-09-07,0.000
2011-09-08,0.000
2011-09-09,0.000
2011-09-10,0.000
2011-09-11,0.000
2011-09-12,0.000
2011-09-13,0.000
2011-09-14,0.000
2011-09-15,0.000
2011-09-16,0.000
2011-09-17,0.000
2011-09-18,0.000
2011-09-19,0.000
2011-09-20,0.000
2011-09-21,0.000
2011-09-22,0.000
2011-09-23,0.000
2011-09-24,0.000
2011-09-25,0.000
2011-09-26,0.000
2011-09-27,0.000
2011-09-28,0.000
2011-09-29,0.000
2011-09-30,0.000
2011-10-01,0.000
2011-10-02,0.000
2011-10-03,0.000
2011-10-04,0.000
2011-10-05,0.000
2011-10-06,0.000
2011-10-07,0.000
2011-10-08,0.000
2011-10-09,0.000
2011-10-10,0.000
2011-10-11,0.000
2011-10-12,0.000
2011-10-13,0.000
2011-10-14,0.000
2011-10-15,0.000
2011-10-16,0.000
2011-10-17,0.000
2011-10-18,0.000
2011-10-19,0.000
2011-10-20,0.000
2011-10-21,0.000
2011-10-22,0.000
2011-10-23,0.000
2011-10-24,0.000
2011-10-25,0.000
2011-10-26,0.000
2011-10-27,0.000
2011-10-28,0.000
2011-10-29,0.000
2011-10-30,0.000
2011-10-31,0.000
2011-11-01,0.000
2011-11-02,0.000
2011-11-03,0.000
2011-11-04,0.000
2011-11-05,0.000
2011-11-06,0.000
2011-11-07,0.000
2011-11-08,0.000
2011-11-09,0.000
2011-11-10,0.000
2011-11-11,0.000
2011-11-12,0.000
2011-11-13,0.000
2011-11-14,0.000
2011-11-15,0.000
2011-11-16,0.000
2011-11-17,0.000
2011-11-18,0.000
2011-11-19,0.000
2011-11-20,0.000
2011-11-21,0.000
2011-11-22,0.000
2011-11-23,0.000
2011-11-24,0.000
2011-11-25,0.000
2011-11-26,0.000
2011-11-27,0.000
2011-11-28,0.000
2011-11-29,0.000
2011-11-30,0.000
2011-12-01,0.000
2011-12-02,0.000
2011-12-03,0.000
2011-12-04,0.000
2011-12-05,0.000
2011-12-06,0.000
2011-12-07,0.000
2011-12-08,0.000
2011-12-09,0.000
2011-12-10,0.000
2011-12-11,0.000
2011-12-12,0.000
2011-12-13,0.000
2011-12-14,0.000
2011-12-15,0.000
2011-12-16,0.000
2011-12-17,0.000
2011-12-18,0.000
2011-12-19,0.000
2011-12-20,0.000
2011-12-21,0.000
2011-12-22,0.000
2011-12-23,0.000
2011-12-24,0.000
2011-12-25,0.001
2011-12-26,0.016
2011-12-27,0.032
2011-12-28,0.043
2011-12-29,0.053
2011-12-30,0.097
2011-12-31,0.173
2012-01-01,0.225
2012-01-02,0.273
2012-01-03,0.467
2012-01-04,0.576
2012-01-05,0.681
2012-01-06,0.745
2012-01-07,0.862
2012-01-08,0.922
2012-01-09,0.956
2012-01-10,0.974
2012-01-11,0.993
2012-01-12,1.010
2012-01-13,1.020
2012-01-14,0.982
2012-01-15,0.920
2012-01-16,0.850
2012-01-17,0.827
2012-01-18,0.818
2012-01-19,0.776
2012-01-20,0.731
2012-01-21,0.676
2012-01-22,0.627
2012-01-23,0.592
2012-01-24,0.579
2012-01-25,0.555
2012-01-26,0.542
2012-01-27,0.520
2012-01-28,0.499
2012-01-29,0.495
2012-01-30,0.490
2012-01-31,0.484
2012-02-01,0.473
2012-02-02,0.468
2012-02-03,0.461
2012-02-04,0.457
2012-02-05,0.436
2012-02-06,0.437
2012-02-07,0.424
2012-02-08,0.415
2012-02-09,0.404
2012-02-10,0.397
2012-02-11,0.385
2012-02-12,0.374
2012-02-13,0.369
2012-02-14,0.367
2012-02-15,0.360
2012-02-16,0.357
2012-02-17,0.356
2012-02-18,0.349
2012-02-19,0.343
2012-02-20,0.347
2012-02-21,0.345
2012-02-22,0.345
2012-02-23,0.349
2012-02-24,0.324
2012-02-25,0.320
2012-02-26,0.313
2012-02-27,0.309
2012-02-28,0.302
2012-02-29,0.292
2012-03-01,0.276
2012-03-02,0.264
2012-03-03,0.261
2012-03-04,0.257
2012-03-05,0.247
2012-03-06,0.239
2012-03-07,0.245
2012-03-08,0.218
2012-03-09,0.214
2012-03-10,0.218
2012-03-11,0.210
2012-03-12,0.199
2012-03-13,0.195
2012-03-14,0.193
2012-03-15,0.191
2012-03-16,0.190
2012-03-17,0.188
2012-03-18,0.183
2012-03-19,0.176
2012-03-20,0.171
2012-03-21,0.168
2012-03-22,0.160
2012-03-23,0.156
2012-03-24,0.150
2012-03-25,0.139
2012-03-26,0.136
2012-03-27,0.136
2012-03-28,0.126
2012-03-29,0.122
2012-03-30,0.120
2012-03-31,0.114
2012-04-01,0.113
2012-04-02,0.112
2012-04-03,0.108
2012-04-04,0.104
2012-04-05,0.101
2012-04-06,0.095
2012-04-07,0.092
2012-04-08,0.091
2012-04-09,0.095
2012-04-10,0.090
2012-04-11,0.088
2012-04-12,0.086
2012-04-13,0.081
2012-04-14,0.081
2012-04-15,0.080
2012-04-16,0.079
2012-04-17,0.080
2012-04-18,0.079
2012-04-19,0.075
2012-04-20,0.075
2012-04-21,0.072
2012-04-22,0.072
2012-04-23,0.074
2012-04-24,0.073
2012-04-25,0.083
2012-04-26,0.097
2012-04-27,0.111
2012-04-28,0.138
2012-04-29,0.600
2012-04-30,1.120
2012-05-01,1.790
2012-05-02,2.260
2012-05-03,2.900
2012-05-04,3.250
2012-05-05,3.350
2012-05-06,3.420
2012-05-07,3.550
2012-05-08,3.500
2012-05-09,3.500
2012-05-10,3.510
2012-05-11,3.520
2012-05-12,3.600
2012-05-13,3.640
2012-05-14,3.620
2012-05-15,3.530
2012-05-16,3.430
2012-05-17,3.350
2012-05-18,3.250
2012-05-19,3.150
2012-05-20,3.070
2012-05-21,2.990
2012-05-22,2.890
2012-05-23,2.820
2012-05-24,2.750
2012-05-25,2.680
2012-05-26,2.630
2012-05-27,2.570
2012-05-28,2.520
2012-05-29,2.470
2012-05-30,2.410
2012-05-31,2.370
2012-06-01,2.290
2012-06-02,2.290
2012-06-03,2.530
2012-06-04,2.400
2012-06-05,2.350
2012-06-06,2.260
2012-06-07,2.390
2012-06-08,2.520
2012-06-09,2.460
2012-06-10,2.430
2012-06-11,2.710
2012-06-12,2.850
2012-06-13,2.860
2012-06-14,3.000
2012-06-15,3.130
2012-06-16,3.180
2012-06-17,3.240
2012-06-18,3.300
2012-06-19,3.330
2012-06-20,3.380
2012-06-21,3.480
2012-06-22,3.470
2012-06-23,3.530
2012-06-24,3.610
2012-06-25,3.610
2012-06-26,3.630
2012-06-27,3.660
2012-06-28,3.720
2012-06-29,3.720
2012-06-30,3.740
2012-07-01,3.710
2012-07-02,3.710
2012-07-03,3.700
2012-07-04,3.690
2012-07-05,3.630
2012-07-06,3.650
2012-07-07,3.680
2012-07-08,3.680
2012-07-09,3.690
2012-07-10,3.720
2012-07-11,3.820
2012-07-12,3.970
2012-07-13,4.100
2012-07-14,4.150
2012-07-15,4.180
2012-07-16,4.290
2012-07-17,4.320
2012-07-18,4.400
2012-07-19,4.390
2012-07-20,4.370
2012-07-21,4.310
2012-07-22,4.270
2012-07-23,4.200
2012-07-24,4.140
2012-07-25,4.070
2012-07-26,3.990
2012-07-27,3.910
2012-07-28,3.820
2012-07-29,3.740
2012-07-30,3.660
2012-07-31,3.600
2012-08-01,3.520
2012-08-02,3.460
2012-08-03,3.360
2012-08-04,3.260
2012-08-05,3.250
2012-08-06,3.200
2012-08-07,3.110
2012-08-08,3.020
2012-08-09,2.930
2012-08-10,2.850
2012-08-11,2.680
2012-08-12,2.620
2012-08-13,2.530
2012-08-14,2.400
2012-08-15,2.610
2012-08-16,2.540
2012-08-17,2.540
2012-08-18,2.490
2012-08-19,2.570
2012-08-20,2.610
2012-08-21,2.680
2012-08-22,2.700
2012-08-23,2.710
2012-08-24,2.730
2012-08-25,2.710
2012-08-26,2.640
2012-08-27,2.720
2012-08-28,2.680
2012-08-29,2.820
2012-08-30,2.770
2012-08-31,2.780
2012-09-01,2.810
2012-09-02,2.830
2012-09-03,2.830
2012-09-04,2.830
2012-09-05,2.800
2012-09-06,2.780
2012-09-07,2.730
2012-09-08,2.690
2012-09-09,2.630
2012-09-10,2.530
2012-09-11,2.400
2012-09-12,2.300
2012-09-13,2.180
2012-09-14,2.030
2012-09-15,1.900
2012-09-16,1.770
2012-09-17,1.580
2012-09-18,0.974
2012-09-19,0.623
2012-09-20,0.497
2012-09-21,0.347
2012-09-22,0.271
2012-09-23,0.325
2012-09-24,0.442
2012-09-25,0.352
2012-09-26,0.384
2012-09-27,0.509
2012-09-28,0.651
2012-09-29,0.745
2012-09-30,0.846
2012-10-01,0.884
2012-10-02,0.618
2012-10-03,0.593
2012-10-04,0.623
2012-10-05,0.731
2012-10-06,0.834
2012-10-07,0.892
2012-10-08,0.970
2012-10-09,1.030
2012-10-10,1.060
2012-10-11,1.060
2012-10-12,1.060
2012-10-13,1.070
2012-10-14,1.080
2012-10-15,1.070
2012-10-16,1.060
2012-10-17,1.150
2012-10-18,1.160
2012-10-19,1.190
2012-10-20,1.180
2012-10-21,1.170
2012-10-22,1.160
2012-10-23,1.140
2012-10-24,1.110
2012-10-25,1.100
2012-10-26,1.110
2012-10-27,1.090
2012-10-28,1.040
2012-10-29,0.977
2012-10-30,0.922
2012-10-31,0.913
2012-11-01,0.883
2012-11-02,0.863
2012-11-03,0.832
2012-11-04,1.180
2012-11-05,1.150
2012-11-06,1.160
2012-11-07,1.170
2012-11-08,1.180
2012-11-09,1.200
2012-11-10,1.200
2012-11-11,1.190
2012-11-12,1.190
2012-11-13,1.180
2012-11-14,1.110
2012-11-15,1.070
2012-11-16,1.020
2012-11-17,0.969
2012-11-18,0.900
2012-11-19,0.876
2012-11-20,0.889
2012-11-21,1.320
2012-11-22,1.550
2012-11-23,1.880
2012-11-24,3.000
2012-11-25,3.720
2012-11-26,3.980
2012-11-27,3.800
2012-11-28,3.450
2012-11-29,3.200
2012-11-30,2.950
2012-12-01,2.670
2012-12-02,2.440
2012-12-03,2.200
2012-12-04,1.990
2012-12-05,1.850
2012-12-06,1.790
2012-12-07,1.660
2012-12-08,1.620
2012-12-09,1.560
2012-12-10,1.440
2012-12-11,1.360
2012-12-12,1.290
2012-12-13,1.230
2012-12-14,1.270
2012-12-15,1.210
2012-12-16,1.200
2012-12-17,1.210
2012-12-18,1.220
2012-12-19,1.430
2012-12-20,1.830
2012-12-21,2.250
2012-12-22,3.070
2012-12-23,3.950
2012-12-24,4.740
2012-12-25,4.650
2012-12-26,4.390
2012-12-27,3.970
2012-12-28,3.760
2012-12-29,4.030
2012-12-30,4.010
2012-12-31,4.000
2013-01-01,3.719
2013-01-02,3.527
2013-01-03,3.266
2013-01-04,2.967
2013-01-05,2.652
2013-01-06,2.479
2013-01-07,2.231
2013-01-08,1.969
2013-01-09,1.894
2013-01-10,1.740
2013-01-11,1.579
2013-01-12,1.450
2013-01-13,1.339
2013-01-14,1.281
2013-01-15,1.190
2013-01-16,1.117
2013-01-17,1.063
2013-01-18,1.014
2013-01-19,0.958
2013-01-20,0.917
2013-01-21,0.866
2013-01-22,0.826
2013-01-23,0.792
2013-01-24,0.758
2013-01-25,0.754
2013-01-26,0.869
2013-01-27,1.032
2013-01-28,1.173
2013-01-29,1.407
2013-01-30,1.769
2013-01-31,2.066
2013-02-01,2.228
2013-02-02,2.295
2013-02-03,2.299
2013-02-04,2.175
2013-02-05,2.079
2013-02-06,2.031
2013-02-07,1.871
2013-02-08,1.694
2013-02-09,1.591
2013-02-10,1.780
2013-02-11,1.656
2013-02-12,1.623
2013-02-13,1.652
2013-02-14,1.668
2013-02-15,1.629
2013-02-16,1.623
2013-02-17,1.598
2013-02-18,1.542
2013-02-19,1.474
2013-02-20,1.408
2013-02-21,1.348
2013-02-22,1.281
2013-02-23,1.215
2013-02-24,1.151
2013-02-25,1.090
2013-02-26,1.033
2013-02-27,0.986
2013-02-28,0.940
2013-03-01,0.889
2013-03-02,0.841
2013-03-03,0.799
2013-03-04,0.759
2013-03-05,0.712
2013-03-06,0.678
2013-03-07,0.648
2013-03-08,0.629
2013-03-09,0.596
2013-03-10,0.559
2013-03-11,0.513
2013-03-12,0.495
2013-03-13,0.473
2013-03-14,0.448
2013-03-15,0.445
2013-03-16,0.491
2013-03-17,0.503
2013-03-18,0.507
2013-03-19,0.522
2013-03-20,0.542
2013-03-21,0.594
2013-03-22,0.710
2013-03-23,0.847
2013-03-24,0.922
2013-03-25,1.012
2013-03-26,1.092
2013-03-27,1.155
2013-03-28,1.181
2013-03-29,1.185
2013-03-30,1.158
2013-03-31,1.114
2013-04-01,1.076
2013-04-02,1.033
2013-04-03,0.987
2013-04-04,0.940
2013-04-05,0.893
2013-04-06,0.851
2013-04-07,0.820
2013-04-08,0.781
2013-04-09,0.718
2013-04-10,0.690
2013-04-11,0.669
2013-04-12,0.627
2013-04-13,0.588
2013-04-14,0.544
2013-04-15,0.522
2013-04-16,0.476
2013-04-17,0.450
2013-04-18,0.418
2013-04-19,0.394
2013-04-20,0.385
2013-04-21,0.365
2013-04-22,0.343
2013-04-23,0.322
2013-04-24,0.309
2013-04-25,0.297
2013-04-26,0.279
2013-04-27,0.264
2013-04-28,0.251
2013-04-29,0.236
2013-04-30,0.219
2013-05-01,0.212
2013-05-02,0.205
2013-05-03,0.195
2013-05-04,0.187
2013-05-05,0.179
2013-05-06,0.175
2013-05-07,0.170
2013-05-08,0.159
2013-05-09,0.153
2013-05-10,0.147
2013-05-11,0.142
2013-05-12,0.137
2013-05-13,0.132
2013-05-14,0.146
2013-05-15,0.148
2013-05-16,0.143
2013-05-17,0.145
2013-05-18,0.131
2013-05-19,0.130
2013-05-20,0.130
2013-05-21,0.129
2013-05-22,0.133
2013-05-23,0.131
2013-05-24,0.128
2013-05-25,0.127
2013-05-26,0.125
2013-05-27,0.123
2013-05-28,0.135
2013-05-29,0.129
2013-05-30,0.127
2013-05-31,0.125
2013-06-01,0.122
2013-06-02,0.122
2013-06-03,0.119
2013-06-04,0.116
2013-06-05,0.114
2013-06-06,0.111
2013-06-07,0.109
2013-06-08,0.107
2013-06-09,0.106
2013-06-10,0.104
2013-06-11,0.101
2013-06-12,0.096
2013-06-13,0.092
2013-06-14,0.090
2013-06-15,0.088
2013-06-16,0.086
2013-06-17,0.083
2013-06-18,0.081
2013-06-19,0.078
2013-06-20,0.077
2013-06-21,0.074
2013-06-22,0.071
2013-06-23,0.066
2013-06-24,0.075
2013-06-25,0.060
2013-06-26,0.059
2013-06-27,0.059
2013-06-28,0.057
2013-06-29,0.054
2013-06-30,0.054
2013-07-01,0.052
2013-07-02,0.052
2013-07-03,0.047
2013-07-04,0.044
2013-07-05,0.043
2013-07-06,0.042
2013-07-07,0.042
2013-07-08,0.039
2013-07-09,0.038
2013-07-10,0.037
2013-07-11,0.036
2013-07-12,0.037
2013-07-13,0.035
2013-07-14,0.038
2013-07-15,0.032
2013-07-16,0.029
2013-07-17,0.028
2013-07-18,0.027
2013-07-19,0.026
2013-07-20,0.025
2013-07-21,0.024
2013-07-22,0.023
2013-07-23,0.023
2013-07-24,0.022
2013-07-25,0.021
2013-07-26,0.021
2013-07-27,0.022
2013-07-28,0.021
2013-07-29,0.020
2013-07-30,0.019
2013-07-31,0.019
2013-08-01,0.018
2013-08-02,0.018
2013-08-03,0.018
2013-08-04,0.018
2013-08-05,0.018
2013-08-06,0.017
2013-08-07,0.017
2013-08-08,0.017
2013-08-09,0.016
2013-08-10,0.016
2013-08-11,0.015
2013-08-12,0.014
2013-08-13,0.014
2013-08-14,0.014
2013-08-15,0.014
2013-08-16,0.013
2013-08-17,0.013
2013-08-18,0.012
2013-08-19,0.011
2013-08-20,0.011
2013-08-21,0.010
2013-08-22,0.010
2013-08-23,0.010
2013-08-24,0.009
2013-08-25,0.009
2013-08-26,0.008
2013-08-27,0.008
2013-08-28,0.008
2013-08-29,0.007
2013-08-30,0.007
2013-08-31,0.006
2013-09-01,0.006
2013-09-02,0.005
2013-09-03,0.004
2013-09-04,0.004
2013-09-05,0.003
2013-09-06,0.003
2013-09-07,0.003
2013-09-08,0.003
2013-09-09,0.003
2013-09-10,0.002
2013-09-11,0.002
2013-09-12,0.002
2013-09-13,0.003
2013-09-14,0.003
2013-09-15,0.002
2013-09-16,0.002
2013-09-17,0.002
2013-09-18,0.001
2013-09-19,0.001
2013-09-20,0.001
2013-09-21,0.001
2013-09-22,0.001
2013-09-23,0.001
2013-09-24,0.001
2013-09-25,0.000
2013-09-26,0.000
2013-09-27,0.000
2013-09-28,0.000
2013-09-29,0.000
2013-09-30,0.000
2013-10-01,0.000
2013-10-02,0.000
2013-10-03,0.000
2013-10-04,0.000
2013-10-05,0.000
2013-10-06,0.000
2013-10-07,0.000
2013-10-08,0.000
2013-10-09,0.000
2013-10-10,0.000
2013-10-11,0.000
2013-10-12,0.000
2013-10-13,0.000
2013-10-14,0.000
2013-10-15,0.000
2013-10-16,0.000
2013-10-17,0.000
2013-10-18,0.000
2013-10-19,0.000
2013-10-20,0.000
2013-10-21,0.000
2013-10-22,0.000
2013-10-23,0.000
2013-10-24,0.000
2013-10-25,0.002
2013-10-26,0.005
2013-10-27,0.015
2013-10-28,0.043
2013-10-29,0.050
2013-10-30,0.056
2013-10-31,0.063
2013-11-01,0.132
2013-11-02,0.259
2013-11-03,0.365
2013-11-04,0.434
2013-11-05,0.496
2013-11-06,0.514
2013-11-07,0.535
2013-11-08,0.567
2013-11-09,0.603
2013-11-10,0.647
2013-11-11,0.734
2013-11-12,0.815
2013-11-13,0.888
2013-11-14,0.899
2013-11-15,0.906
2013-11-16,0.912
2013-11-17,0.905
2013-11-18,0.885
2013-11-19,0.882
2013-11-20,0.862
2013-11-21,0.899
2013-11-22,0.914
2013-11-23,0.884
2013-11-24,0.865
2013-11-25,0.860
2013-11-26,0.854
2013-11-27,0.829
2013-11-28,0.795
2013-11-29,0.762
2013-11-30,0.709
2013-12-01,0.684
2013-12-02,0.658
2013-12-03,0.628
2013-12-04,0.597
2013-12-05,0.544
2013-12-06,0.520
2013-12-07,0.500
2013-12-08,0.471
2013-12-09,0.440
2013-12-10,0.415
2013-12-11,0.396
2013-12-12,0.359
2013-12-13,0.342
2013-12-14,0.323
2013-12-15,0.311
2013-12-16,0.306
2013-12-17,0.309
2013-12-18,0.373
2013-12-19,0.431
2013-12-20,0.484
2013-12-21,0.590
2013-12-22,0.695
2013-12-23,1.051
2013-12-24,1.256
2013-12-25,1.435
2013-12-26,1.798
2013-12-27,2.141
2013-12-28,2.258
2013-12-29,2.206
2013-12-30,2.225
2013-12-31,2.178
2014-01-01,2.558
2014-01-02,2.857
2014-01-03,2.956
2014-01-04,3.362
2014-01-05,3.522
2014-01-06,3.494
2014-01-07,3.702
2014-01-08,3.693
2014-01-09,3.456
2014-01-10,3.227
2014-01-11,2.969
2014-01-12,2.725
2014-01-13,2.430
2014-01-14,2.213
2014-01-15,2.118
2014-01-16,2.054
2014-01-17,2.090
2014-01-18,2.065
2014-01-19,2.063
2014-01-20,2.028
2014-01-21,2.035
2014-01-22,1.919
2014-01-23,1.844
2014-01-24,1.857
2014-01-25,1.826
2014-01-26,1.975
2014-01-27,2.021
2014-01-28,2.140
2014-01-29,2.240
2014-01-30,2.275
2014-01-31,2.444
2014-02-01,2.530
2014-02-02,2.596
2014-02-03,2.543
2014-02-04,2.461
2014-02-05,2.373
2014-02-06,2.465
2014-02-07,2.861
2014-02-08,3.094
2014-02-09,3.052
2014-02-10,2.906
2014-02-11,2.803
2014-02-12,2.788
2014-02-13,2.777
2014-02-14,2.896
2014-02-15,2.944
2014-02-16,3.132
2014-02-17,3.101
2014-02-18,2.899
2014-02-19,2.697
2014-02-20,2.509
2014-02-21,2.314
2014-02-22,2.230
2014-02-23,2.116
2014-02-24,1.946
2014-02-25,1.845
2014-02-26,1.727
2014-02-27,1.672
2014-02-28,1.638
2014-03-01,1.606
2014-03-02,1.659
2014-03-03,1.631
2014-03-04,1.625
2014-03-05,1.609
2014-03-06,1.607
2014-03-07,1.561
2014-03-08,1.514
2014-03-09,1.473
2014-03-10,1.458
2014-03-11,1.417
2014-03-12,1.327
2014-03-13,1.256
2014-03-14,1.184
2014-03-15,1.125
2014-03-16,1.058
2014-03-17,0.997
2014-03-18,0.940
2014-03-19,0.879
2014-03-20,0.861
2014-03-21,0.809
2014-03-22,0.768
2014-03-23,0.721
2014-03-24,0.694
2014-03-25,0.650
2014-03-26,0.601
2014-03-27,0.589
2014-03-28,0.559
2014-03-29,0.515
2014-03-30,0.483
2014-03-31,0.461
2014-04-01,0.436
2014-04-02,0.413
2014-04-03,0.376
2014-04-04,0.374
2014-04-05,0.336
2014-04-06,0.324
2014-04-07,0.324
2014-04-08,0.306
2014-04-09,0.296
2014-04-10,0.278
2014-04-11,0.289
2014-04-12,0.274
2014-04-13,0.264
2014-04-14,0.258
2014-04-15,0.258
2014-04-16,0.246
2014-04-17,0.254
2014-04-18,0.230
2014-04-19,0.233
2014-04-20,0.241
2014-04-21,0.228
2014-04-22,0.221
2014-04-23,0.211
2014-04-24,0.206
2014-04-25,0.211
2014-04-26,0.206
2014-04-27,0.197
2014-04-28,0.193
2014-04-29,0.177
2014-04-30,0.187
2014-05-01,0.181
2014-05-02,0.176
2014-05-03,0.165
2014-05-04,0.170
2014-05-05,0.170
2014-05-06,0.180
2014-05-07,0.169
2014-05-08,0.170
2014-05-09,0.161
2014-05-10,0.171
2014-05-11,0.154
2014-05-12,0.153
2014-05-13,0.156
2014-05-14,0.143
2014-05-15,0.141
2014-05-16,0.139
2014-05-17,0.136
2014-05-18,0.134
2014-05-19,0.130
2014-05-20,0.127
2014-05-21,0.124
2014-05-22,0.122
2014-05-23,0.122
2014-05-24,0.124
2014-05-25,0.124
2014-05-26,0.121
2014-05-27,0.122
2014-05-28,0.125
2014-05-29,0.139
2014-05-30,0.166
2014-05-31,0.170
2014-06-01,0.175
2014-06-02,0.192
2014-06-03,0.200
2014-06-04,0.213
2014-06-05,0.243
2014-06-06,0.243
2014-06-07,0.264
2014-06-08,0.263
2014-06-09,0.272
2014-06-10,0.267
2014-06-11,0.262
2014-06-12,0.254
2014-06-13,0.248
2014-06-14,0.242
2014-06-15,0.241
2014-06-16,0.231
2014-06-17,0.213
2014-06-18,0.197
2014-06-19,0.187
2014-06-20,0.184
2014-06-21,0.172
2014-06-22,0.161
2014-06-23,0.152
2014-06-24,0.142
2014-06-25,0.137
2014-06-26,0.130
2014-06-27,0.128
2014-06-28,0.127
2014-06-29,0.117
2014-06-30,0.111
2014-07-01,0.109
2014-07-02,0.103
2014-07-03,0.099
2014-07-04,0.098
2014-07-05,0.096
2014-07-06,0.089
2014-07-07,0.087
2014-07-08,0.086
2014-07-09,0.083
2014-07-10,0.080
2014-07-11,0.078
2014-07-12,0.075
2014-07-13,0.073
2014-07-14,0.071
2014-07-15,0.069
2014-07-16,0.068
2014-07-17,0.068
2014-07-18,0.066
2014-07-19,0.082
2014-07-20,0.070
2014-07-21,0.066
2014-07-22,0.063
2014-07-23,0.062
2014-07-24,0.061
2014-07-25,0.061
2014-07-26,0.059
2014-07-27,0.057
2014-07-28,0.056
2014-07-29,0.053
2014-07-30,0.053
2014-07-31,0.053
2014-08-01,0.052
2014-08-02,0.051
2014-08-03,0.048
2014-08-04,0.047
2014-08-05,0.049
2014-08-06,0.046
2014-08-07,0.045
2014-08-08,0.044
2014-08-09,0.044
2014-08-10,0.049
2014-08-11,0.043
2014-08-12,0.043
2014-08-13,0.041
2014-08-14,0.041
2014-08-15,0.041
2014-08-16,0.039
2014-08-17,0.038
2014-08-18,0.038
2014-08-19,0.037
2014-08-20,0.038
2014-08-21,0.037
2014-08-22,0.036
2014-08-23,0.036
2014-08-24,0.035
2014-08-25,0.042
2014-08-26,0.039
2014-08-27,0.038
2014-08-28,0.038
2014-08-29,0.038
2014-08-30,0.037
2014-08-31,0.037
2014-09-01,0.037
2014-09-02,0.037
2014-09-03,0.037
2014-09-04,0.038
2014-09-05,0.037
2014-09-06,0.036
2014-09-07,0.036
2014-09-08,0.036
2014-09-09,0.034
2014-09-10,0.033
2014-09-11,0.033
2014-09-12,0.033
2014-09-13,0.032
2014-09-14,0.032
2014-09-15,0.031
2014-09-16,0.031
2014-09-17,0.029
2014-09-18,0.028
2014-09-19,0.028
2014-09-20,0.027
2014-09-21,0.027
2014-09-22,0.027
2014-09-23,0.027
2014-09-24,0.026
2014-09-25,0.023
2014-09-26,0.022
2014-09-27,0.022
2014-09-28,0.022
2014-09-29,0.021
2014-09-30,0.020
2014-10-01,0.019
2014-10-02,0.019
2014-10-03,0.018
2014-10-04,0.017
2014-10-05,0.017
2014-10-06,0.019
2014-10-07,0.019
2014-10-08,0.018
2014-10-09,0.017
2014-10-10,0.016
2014-10-11,0.016
2014-10-12,0.017
2014-10-13,0.019
2014-10-14,0.022
2014-10-15,0.026
2014-10-16,0.030
2014-10-17,0.032
2014-10-18,0.035
2014-10-19,0.040
2014-10-20,0.041
2014-10-21,0.044
2014-10-22,0.045
2014-10-23,0.047
2014-10-24,0.050
2014-10-25,0.052
2014-10-26,0.053
2014-10-27,0.053
2014-10-28,0.055
2014-10-29,0.056
2014-10-30,0.057
2014-10-31,0.057
2014-11-01,0.060
2014-11-02,0.066
2014-11-03,0.067
2014-11-04,0.071
2014-11-05,0.072
2014-11-06,0.077
2014-11-07,0.089
2014-11-08,0.095
2014-11-09,0.105
2014-11-10,0.134
2014-11-11,0.159
2014-11-12,0.234
2014-11-13,0.300
2014-11-14,0.388
2014-11-15,0.431
2014-11-16,0.491
2014-11-17,0.545
2014-11-18,0.576
2014-11-19,0.610
2014-11-20,0.646
2014-11-21,0.686
2014-11-22,0.712
2014-11-23,0.738
2014-11-24,0.757
2014-11-25,0.791
2014-11-26,0.813
2014-11-27,0.828
2014-11-28,0.838
2014-11-29,0.852
2014-11-30,0.867
2014-12-01,0.874
2014-12-02,0.847
2014-12-03,0.830
2014-12-04,0.803
2014-12-05,0.768
2014-12-06,0.742
2014-12-07,0.718
2014-12-08,0.681
2014-12-09,0.650
2014-12-10,0.629
2014-12-11,0.618
2014-12-12,0.626
2014-12-13,0.592
2014-12-14,0.577
2014-12-15,0.557
2014-12-16,0.586
2014-12-17,0.609
2014-12-18,0.621
2014-12-19,0.647
2014-12-20,0.660
2014-12-21,0.688
2014-12-22,0.704
2014-12-23,0.719
2014-12-24,0.726
2014-12-25,0.722
2014-12-26,0.772
2014-12-27,0.781
2014-12-28,0.760
2014-12-29,0.783
2014-12-30,0.784
2014-12-31,0.785
2015-01-01,0.795
2015-01-02,0.798
2015-01-03,0.849
2015-01-04,0.843
2015-01-05,0.850
2015-01-06,0.844
2015-01-07,0.851
2015-01-08,0.917
2015-01-09,0.927
2015-01-10,0.935
2015-01-11,0.951
2015-01-12,1.030
2015-01-13,1.120
2015-01-14,1.270
2015-01-15,1.380
2015-01-16,1.530
2015-01-17,1.740
2015-01-18,1.900
2015-01-19,2.010
2015-01-20,1.940
2015-01-21,1.810
2015-01-22,1.670
2015-01-23,1.560
2015-01-24,1.500
2015-01-25,1.480
2015-01-26,1.400
2015-01-27,1.320
2015-01-28,1.250
2015-01-29,1.190
2015-01-30,1.120
2015-01-31,1.050
2015-02-01,0.991
2015-02-02,0.943
2015-02-03,0.884
2015-02-04,0.838
2015-02-05,0.800
2015-02-06,0.765
2015-02-07,0.740
2015-02-08,0.708
2015-02-09,0.675
2015-02-10,0.639
2015-02-11,0.605
2015-02-12,0.575
2015-02-13,0.552
2015-02-14,0.517
2015-02-15,0.491
2015-02-16,0.476
2015-02-17,0.451
2015-02-18,0.437
2015-02-19,0.444
2015-02-20,0.451
2015-02-21,0.453
2015-02-22,0.468
2015-02-23,0.495
2015-02-24,0.521
2015-02-25,0.567
2015-02-26,0.623
2015-02-27,0.651
2015-02-28,0.701
2015-03-01,0.735
2015-03-02,0.742
2015-03-03,0.746
2015-03-04,0.735
2015-03-05,0.730
2015-03-06,0.721
2015-03-07,0.704
2015-03-08,0.681
2015-03-09,0.662
2015-03-10,0.630
2015-03-11,0.616
2015-03-12,0.607
2015-03-13,0.559
2015-03-14,0.540
2015-03-15,0.526
2015-03-16,0.505
2015-03-17,0.494
2015-03-18,0.468
2015-03-19,0.422
2015-03-20,0.408
2015-03-21,0.387
2015-03-22,0.373
2015-03-23,0.361
2015-03-24,0.335
2015-03-25,0.319
2015-03-26,0.312
2015-03-27,0.285
2015-03-28,0.279
2015-03-29,0.268
2015-03-30,0.254
2015-03-31,0.237
2015-04-01,0.228
2015-04-02,0.225
2015-04-03,0.214
2015-04-04,0.206
2015-04-05,0.201
2015-04-06,0.189
2015-04-07,0.185
2015-04-08,0.179
2015-04-09,0.165
2015-04-10,0.161
2015-04-11,0.151
2015-04-12,0.147
2015-04-13,0.144
2015-04-14,0.142
2015-04-15,0.139
2015-04-16,0.136
2015-04-17,0.130
2015-04-18,0.126
2015-04-19,0.122
2015-04-20,0.118
2015-04-21,0.115
2015-04-22,0.112
2015-04-23,0.110
2015-04-24,0.109
2015-04-25,0.107
2015-04-26,0.104
2015-04-27,0.102
2015-04-28,0.095
2015-04-29,0.092
2015-04-30,0.090
2015-05-01,0.090
2015-05-02,0.090
2015-05-03,0.088
2015-05-04,0.090
2015-05-05,0.086
2015-05-06,0.084
2015-05-07,0.082
2015-05-08,0.082
2015-05-09,0.085
2015-05-10,0.082
2015-05-11,0.081
2015-05-12,0.077
2015-05-13,0.076
2015-05-14,0.079
2015-05-15,0.075
2015-05-16,0.073
2015-05-17,0.073
2015-05-18,0.077
2015-05-19,0.072
2015-05-20,0.069
2015-05-21,0.069
2015-05-22,0.068
2015-05-23,0.067
2015-05-24,0.067
2015-05-25,0.066
2015-05-26,0.072
2015-05-27,0.068
2015-05-28,0.064
2015-05-29,0.062
2015-05-30,0.062
2015-05-31,0.060
2015-06-01,0.061
2015-06-02,0.059
2015-06-03,0.057
2015-06-04,0.057
2015-06-05,0.057
2015-06-06,0.055
2015-06-07,0.054
2015-06-08,0.053
2015-06-09,0.052
2015-06-10,0.052
2015-06-11,0.051
2015-06-12,0.058
2015-06-13,0.059
2015-06-14,0.054
2015-06-15,0.051
2015-06-16,0.050
2015-06-17,0.049
2015-06-18,0.049
2015-06-19,0.048
2015-06-20,0.048
2015-06-21,0.048
2015-06-22,0.047
2015-06-23,0.046
2015-06-24,0.045
2015-06-25,0.044
2015-06-26,0.043
2015-06-27,0.042
2015-06-28,0.041
2015-06-29,0.041
2015-06-30,0.040
2015-07-01,0.038
2015-07-02,0.036
2015-07-03,0.035
2015-07-04,0.033
2015-07-05,0.033
2015-07-06,0.032
2015-07-07,0.030
2015-07-08,0.029
2015-07-09,0.027
2015-07-10,0.026
2015-07-11,0.024
2015-07-12,0.023
2015-07-13,0.023
2015-07-14,0.022
2015-07-15,0.021
2015-07-16,0.021
2015-07-17,0.019
2015-07-18,0.017
2015-07-19,0.015
2015-07-20,0.014
2015-07-21,0.012
2015-07-22,0.010
2015-07-23,0.009
2015-07-24,0.012
2015-07-25,0.011
2015-07-26,0.013
2015-07-27,0.012
2015-07-28,0.010
2015-07-29,0.010
2015-07-30,0.009
2015-07-31,0.009
2015-08-01,0.009
2015-08-02,0.008
2015-08-03,0.006
2015-08-04,0.005
2015-08-05,0.005
2015-08-06,0.004
2015-08-07,0.003
2015-08-08,0.001
2015-08-09,0.000
2015-08-10,0.000
2015-08-11,0.000
2015-08-12,0.000
2015-08-13,0.000
2015-08-14,0.000
2015-08-15,0.000
2015-08-16,0.000
2015-08-17,0.000
2015-08-18,0.000
2015-08-19,0.000
2015-08-20,0.000
2015-08-21,0.000
2015-08-22,0.000
2015-08-23,0.000
2015-08-24,0.000
2015-08-25,0.000
2015-08-26,0.000
2015-08-27,0.000
2015-08-28,0.000
2015-08-29,0.000
2015-08-30,0.000
2015-08-31,0.000
2015-09-01,0.000
2015-09-02,0.000
2015-09-03,0.000
2015-09-04,0.000
2015-09-05,0.000
2015-09-06,0.000
2015-09-07,0.000
2015-09-08,0.000
2015-09-09,0.000
2015-09-10,0.000
2015-09-11,0.000
2015-09-12,0.000
2015-09-13,0.000
2015-09-14,0.000
2015-09-15,0.000
2015-09-16,0.000
2015-09-17,0.000
2015-09-18,0.000
2015-09-19,0.000
2015-09-20,0.000
2015-09-21,0.000
2015-09-22,0.000
2015-09-23,0.000
2015-09-24,0.000
2015-09-25,0.000
2015-09-26,0.000
2015-09-27,0.000
2015-09-28,0.000
2015-09-29,0.000
2015-09-30,0.000
